TICKER,PRECO,DY,P/L,P/VP,P/ATIVOS,MARGEM BRUTA,MARGEM EBIT,MARG LIQUIDA,P/EBIT,EV/EBIT,DIVIDA LIQUIDA/EBIT,DIV LIQ/PATRI,PSR,P/CAP GIRO,P AT CIR LIQ,LIQ CORRENTE,ROE,ROA,ROIC,PATRIMONIO/ATIVOS,PASSIVOS/ATIVOS,GIRO ATIVOS,CAGR RECEITAS 5 ANOS,LIQUIDEZ MEDIA DIARIA,VPA,LPA,PEG Ratio,VALOR DE MERCADO,SETOR
AALR3,8.82,0.99,-10.71,0.85,0.41,17.8,-0.98,-10.49,-114.36,-176.27,-61.9,0.46,1.12,11.29,-0.53,1.19,-7.96,-3.83,-1.41,0.48,0.52,0.37,5.83,6754580.85,10.34,-0.82,0.03,1043342637.12,SAÚDE
ABCB4,14.59,3.41,10.01,0.75,0.07,1.96,-1.8,5.46,-30.35,-30.35,0.0,0.0,0.55,0.75,-0.09,3.23,7.51,0.74,0.0,0.1,0.9,0.14,21.38,12820262.72,19.41,1.46,-0.28,3222797749.53,FINANCEIRO E OUTROS
ABEV3,15.3,3.21,21.16,3.2,1.92,53.64,27.29,19.49,15.11,14.24,-0.88,-0.19,4.12,129.11,-2.68,1.06,15.14,9.09,17.72,0.6,0.4,0.47,4.56,381460506.13,4.78,0.72,-6.22,240747304864.5,CONSUMO NÃO CÍCLICO
ADHM3,1.56,0.0,-4.09,-1.29,105.12,100.0,-13548.48,-18860.61,-5.69,-5.69,0.0,-0.0,770.9,-1.43,-116.16,0.0,-31.47,-2571.9,22.61,-81.72,82.72,0.14,43.5,94201.44,-1.21,-0.38,-0.58,25439770.2,SAÚDE
AFLT3,9.0,8.03,30.35,3.03,2.73,64.85,53.36,52.07,29.62,28.03,-1.59,-0.16,15.8,11.8,-3.72,7.91,9.98,9.0,9.27,0.9,0.1,0.17,5.56,9828.72,2.97,0.3,-1.17,567762300.0,UTILIDADE PÚBLICA
AGRO3,21.73,3.27,9.14,1.59,0.87,30.8,22.06,24.23,10.04,12.82,2.79,0.44,2.21,7.36,-1.27,1.61,17.4,9.55,9.06,0.55,0.45,0.39,13.49,15860767.64,13.66,2.38,0.89,1784126460.73,CONSUMO NÃO CÍCLICO
AHEB3,21.9,0.0,-7.82,51.8,0.62,26.77,-5.66,-11.2,-15.48,-11.33,4.21,-14.09,0.88,-5.85,-0.85,0.72,-662.49,-7.88,-334.66,0.01,0.99,0.7,1.88,28968.83,0.42,-2.8,0.18,187804965.3,CONSUMO CÍCLICO
AHEB5,20.01,0.0,-7.14,47.33,0.56,26.77,-5.66,-11.2,-14.14,-11.33,4.21,-14.09,0.8,-5.34,-0.77,0.72,-662.49,-7.88,-334.66,0.01,0.99,0.7,1.88,4500.0,0.42,-2.8,0.16,187804965.3,CONSUMO CÍCLICO
AHEB6,27.0,0.0,-9.64,63.87,0.76,26.77,-5.66,-11.2,-19.08,-11.33,4.21,-14.09,1.08,-7.21,-1.04,0.72,-662.49,-7.88,-334.66,0.01,0.99,0.7,1.88,5400.0,0.42,-2.8,0.22,187804965.3,CONSUMO CÍCLICO
ALPA3,31.99,0.0,134.19,6.23,3.91,52.34,8.15,4.17,68.59,70.96,-1.64,-0.15,5.59,13.41,-8.81,2.1,4.64,2.91,8.16,0.63,0.37,0.7,-3.59,183023.49,5.13,0.24,-2.75,19913408883.83,CONSUMO CÍCLICO
ALPA4,35.84,0.0,150.33,6.98,4.38,52.34,8.15,4.17,76.84,70.96,-1.64,-0.15,6.26,15.03,-9.87,2.1,4.64,2.91,8.16,0.63,0.37,0.7,-3.59,58749201.74,5.13,0.24,-3.08,19913408883.83,CONSUMO CÍCLICO
ALPK3,7.81,0.0,-8.85,2.2,0.56,25.38,1.26,-26.33,184.76,360.33,175.57,2.09,2.33,-2.49,-0.61,0.25,-24.89,-6.34,0.3,0.25,0.75,0.24,-39.9,228544.31,3.55,-0.88,-0.03,1513352337.86,BENS INDUSTRIAIS
ALSO3,26.38,0.0,41.47,0.92,0.64,66.2,40.15,21.2,21.89,17.57,-4.32,-0.18,8.79,4.91,-0.78,4.37,2.22,1.55,3.37,0.7,0.3,0.07,19.22,35261568.95,28.66,0.64,0.06,7011085883.64,FINANCEIRO E OUTROS
ALUP11,25.48,2.71,7.93,0.83,0.33,56.04,54.04,15.34,2.25,4.34,2.09,0.77,1.22,4.16,-0.4,1.78,10.53,4.17,14.02,0.4,0.6,0.27,32.68,18886251.41,30.52,3.21,1.36,7466585044.71,UTILIDADE PÚBLICA
ALUP3,8.73,2.63,8.15,0.86,0.34,56.04,54.04,15.34,2.31,4.34,2.09,0.77,1.25,4.28,-0.42,1.78,10.53,4.17,14.02,0.4,0.6,0.27,32.68,94649.67,10.17,1.07,1.4,7466585044.71,UTILIDADE PÚBLICA
ALUP4,8.43,2.73,7.87,0.83,0.33,56.04,54.04,15.34,2.23,4.34,2.09,0.77,1.21,4.13,-0.4,1.78,10.53,4.17,14.02,0.4,0.6,0.27,32.68,157089.79,10.17,1.07,1.35,7466585044.71,UTILIDADE PÚBLICA
AMBP3,24.07,0.0,60.65,2.22,1.65,22.63,18.4,6.39,21.05,18.07,-2.98,-0.31,3.87,3.88,-3.49,5.23,3.66,2.73,7.27,0.75,0.25,0.43,44.8,7655645.74,10.85,0.4,1.43,2718359603.16,UTILIDADE PÚBLICA
ANIM3,8.98,0.0,-88.22,1.44,0.79,51.8,8.31,-2.89,30.69,31.02,0.33,0.02,2.55,2.18,-1.46,4.78,-1.63,-0.9,2.96,0.55,0.45,0.31,11.24,27145248.31,6.26,-0.1,-0.27,3626741868.9,CONSUMO CÍCLICO
APER3,48.9,0.11,-808.9,3.16,1.87,100.0,-3.21,-0.67,-168.28,-154.95,13.33,-0.25,5.39,19.79,-2.46,1.64,-0.39,-0.23,-2.91,0.59,0.41,0.35,-11.42,3916026.69,15.49,-0.06,6.33,561378552.6,FINANCEIRO E OUTROS
ARZZ3,69.11,0.77,141.72,5.11,2.43,47.47,5.79,3.05,74.75,75.55,0.79,0.05,4.33,10.54,-5.43,1.72,3.6,1.72,4.34,0.48,0.52,0.56,7.26,48627913.72,13.54,0.49,-2.02,6885527021.54,CONSUMO CÍCLICO
ATMP3,4.88,0.0,-0.56,0.72,0.07,1.81,-15.64,-22.72,-0.82,-2.58,-1.77,1.56,0.13,-0.35,-0.08,0.48,-128.42,-12.05,-33.09,0.09,0.91,0.53,-16.98,865208.95,6.74,-8.66,0.01,120967743.36,BENS INDUSTRIAIS
ATOM3,3.79,0.0,6.42,5.45,2.91,100.0,32.02,40.02,8.03,6.53,-1.5,-1.02,2.57,3.49,-133.57,6.76,84.86,45.26,63.27,0.53,0.47,1.13,96.6,441189.0,0.7,0.59,0.01,79207187.26,FINANCEIRO E OUTROS
AURA33,61.75,7.42,3.09,0.73,0.43,41.37,29.34,24.52,2.59,2.05,-0.54,-0.15,0.76,2.37,-0.72,1.8,23.69,13.82,21.76,0.58,0.42,0.56,74.8,11890819.56,84.26,19.96,0.01,1191004668.75,MATERIAIS BÁSICOS
AZEV3,5.92,0.0,-0.96,-0.45,1.9,1622.59,3562.68,5901.5,-1.59,-1.66,-0.42,-0.11606169599416614,0.0,-0.59,-4.35,0.15,-46.24,-197.29,47.51,-4.27,5.27,-0.03,-64.98,477286.33,-13.3,-6.15,-0.02,91212000.0,BENS INDUSTRIAIS
AZEV4,3.95,0.0,-0.64,-0.3,1.27,1622.59,3562.68,5901.5,-1.06,-1.66,-0.42,-0.11606169599416614,0.0,-0.4,-2.9,0.15,-46.24,-197.29,47.51,-4.27,5.27,-0.03,-64.98,801091.62,-13.3,-6.15,-0.01,91212000.0,BENS INDUSTRIAIS
AZUL4,36.48,0.0,-4.24,-3.25,2.91,4.97,-24.36,-188.62,-32.87,-35.87,-3.0,-0.29711919032002715,8.01,-9.59,-4.43,0.53,-76.58,-68.6,24.18,-0.9,1.9,0.36,-1.7,303282776.0,-11.22,-8.59,-0.01,45987044847.36,BENS INDUSTRIAIS
B3SA3,53.6,4.84,26.36,4.46,2.36,89.87,60.06,44.52,19.54,18.03,-1.51,-0.34,11.73,14.74,-3.74,1.77,16.93,8.96,13.42,0.53,0.47,0.2,33.29,957530603.92,12.01,2.03,0.5,109451200000.0,FINANCEIRO E OUTROS
BAHI3,70.5,0.0,-4.64,1.88,0.3,41.33,-8.01,-21.39,-12.39,-13.04,-0.65,0.1,0.99,-1.82,-0.34,0.41,-40.47,-6.54,-16.19,0.16,0.83,0.31,73.0,65925.64,37.55,-15.2,-0.01,158093359.5,CONSUMO CÍCLICO
BALM3,16.22,7.28,10.08,1.39,0.72,49.74,7.04,10.47,14.98,14.1,0.4,0.04,1.06,2.14,-2.19,2.02,13.81,7.18,4.54,0.52,0.45,0.69,5.12,14962.52,11.65,1.61,0.02,145334000.0,SAÚDE
BALM4,13.44,8.78,8.36,1.15,0.6,49.74,7.04,10.47,12.41,14.1,0.4,0.04,0.87,1.77,-1.82,2.02,13.81,7.18,4.54,0.52,0.45,0.69,5.12,19350.27,11.65,1.61,0.02,145334000.0,SAÚDE
BAUH4,95.0,0.9,21.17,5.4,3.33,23.26,12.97,12.28,20.05,19.03,-1.02,-0.27,2.6,45.94,-5.86,1.2,25.52,15.74,19.16,0.62,0.38,1.28,10.9,129466.26,17.59,4.49,-1.66,496111090.0,CONSUMO NÃO CÍCLICO
BAZA3,39.35,9.11,4.39,0.48,0.06,37.94,42.64,27.94,2.88,2.88,0.0,0.0,1.23,2.32,-0.06,0.0,10.99,1.28,0.0,0.12,0.88,0.05,-8.12,50128.9,81.52,8.96,-1.24,1166568801.45,FINANCEIRO E OUTROS
BBAS3,29.8,4.83,6.82,0.73,0.05,17.25,7.58,10.28,9.26,9.26,0.0,0.0,0.7,0.51,-0.05,33.26,10.72,0.7,0.0,0.07,0.93,0.07,-11.56,692037310.15,40.74,4.37,-0.2,85389427196.0,FINANCEIRO E OUTROS
BBDC3,23.43,2.58,12.56,1.45,0.15,-2.98,0.53,20.72,491.14,527.62,0.0,0.0,2.6,1.2,-0.18,11.43,11.51,1.21,0.0,0.1,0.9,0.06,-3.0,150648140.77,16.2,1.87,-0.57,223263252499.26,FINANCEIRO E OUTROS
BBDC4,26.91,2.47,14.43,1.66,0.17,-2.98,0.53,20.72,564.09,527.62,0.0,0.0,2.99,1.37,-0.2,11.43,11.51,1.21,0.0,0.1,0.9,0.06,-3.0,1242792061.36,16.2,1.87,-0.66,223263252499.26,FINANCEIRO E OUTROS
BBRK3,1.84,0.0,-0.81,-3.46,0.7,62.65,-171.31,-175.32,-0.83,-0.61,0.22,0.8961777228076018,1.42,-6.22,-0.97,0.71,-426.12,-86.8,418.72,-0.2,1.2,0.5,-9.38,912293.67,-0.53,-2.27,-0.01,144498556.16,FINANCEIRO E OUTROS
BBSE3,24.07,5.61,12.5,7.53,4.42,0.0,0.0,0.0,10.07,10.07,0.0,0.0,0.0,62.88,-6.61,1.27,60.27,35.33,0.0,0.59,0.41,0.0,0.0,175263161.74,3.19,1.93,-0.3,48140000000.0,FINANCEIRO E OUTROS
BDLL3,8.11,0.0,-0.08,-0.08,0.02,-60.25,-759.15,-662.22,-0.07,-1.36,-1.28,-1.5933199785275671,0.52,-0.05,-0.03,0.51,-108.24,-24.25,-257.36,-0.22,1.22,0.04,-39.75,181780.0,-95.47,-103.34,0.0,13859599.12,BENS INDUSTRIAIS
BDLL4,9.0,0.0,-0.09,-0.09,0.02,-60.25,-759.15,-662.22,-0.08,-1.36,-1.28,-1.5933199785275671,0.58,-0.06,-0.03,0.51,-108.24,-24.25,-257.36,-0.22,1.22,0.04,-39.75,62864.46,-95.47,-103.34,0.0,13859599.12,BENS INDUSTRIAIS
BEEF3,10.47,2.87,8.26,6.85,0.34,19.76,9.24,3.59,3.21,6.1,2.89,6.17,0.3,1.18,-1.02,1.76,82.98,4.12,13.9,0.05,0.95,1.15,15.3,97737108.54,1.53,1.27,0.0,5754539136.18,CONSUMO NÃO CÍCLICO
BEES3,4.9,4.24,6.68,0.9,0.05,50.63,23.67,14.58,4.11,4.31,0.0,0.0,0.97,0.74,-0.05,0.0,13.52,0.76,0.0,0.06,0.94,0.05,-7.16,216710.23,5.43,0.73,0.87,1622406582.0,FINANCEIRO E OUTROS
BEES4,5.78,3.6,7.88,1.07,0.06,50.63,23.67,14.58,4.85,4.31,0.0,0.0,1.15,0.88,-0.06,0.0,13.52,0.76,0.0,0.06,0.94,0.05,-7.16,17741.97,5.43,0.73,1.02,1622406582.0,FINANCEIRO E OUTROS
BGIP3,39.0,2.54,10.97,1.22,0.09,71.66,12.77,8.57,7.36,5.75,0.0,0.0,0.94,-0.56,-0.18,0.77,11.14,0.8,0.0,0.07,0.93,0.09,0.74,4462.3,31.91,3.56,-0.31,465583841.4,FINANCEIRO E OUTROS
BGIP4,21.92,4.97,6.17,0.69,0.05,71.66,12.77,8.57,4.14,5.75,0.0,0.0,0.53,-0.32,-0.1,0.77,11.14,0.8,0.0,0.07,0.93,0.09,0.74,60936.34,31.91,3.56,-0.18,465583841.4,FINANCEIRO E OUTROS
BIDI11,152.09,0.14,-5384.85,11.73,1.96,57.47,-9.54,-0.77,-436.3,-436.3,0.0,0.0,41.63,-21.1,-3.68,0.83,-0.22,-0.04,0.0,0.17,0.83,0.05,14.14,312102180.31,12.96,-0.03,49.35,38754795352.68,FINANCEIRO E OUTROS
BIDI3,50.69,0.14,-5384.15,11.73,1.96,57.47,-9.54,-0.77,-436.24,-436.3,0.0,0.0,41.63,-21.1,-3.68,0.83,-0.22,-0.04,0.0,0.17,0.83,0.05,14.14,19615704.62,4.32,-0.01,49.34,38754795352.68,FINANCEIRO E OUTROS
BIDI4,50.87,0.14,-5403.27,11.77,1.97,57.47,-9.54,-0.77,-437.79,-436.3,0.0,0.0,41.77,-21.18,-3.7,0.83,-0.22,-0.04,0.0,0.17,0.83,0.05,14.14,141740146.69,4.32,-0.01,49.51,38754795352.68,FINANCEIRO E OUTROS
BIOM3,16.58,0.0,-15.87,5.86,2.58,23.75,-94.72,-120.62,-20.2,-21.03,-0.83,0.24,19.14,8.34,-4.8,3.03,-36.96,-16.27,-14.65,0.44,0.56,0.13,698.6,229693.72,2.83,-1.05,-0.59,1122735458.16,SAÚDE
BKBR3,9.3,0.0,-5.75,1.39,0.65,59.16,-17.3,-19.91,-6.61,-6.64,-0.03,0.01,1.14,4.62,-0.91,1.98,-24.24,-11.33,-15.04,0.47,0.53,0.57,18.7,24749214.46,6.68,-1.62,0.01,2560805657.1,CONSUMO CÍCLICO
BMEB3,19.68,3.94,6.83,1.04,0.1,66.23,10.12,6.76,4.56,4.39,0.0,0.0,0.46,0.48,-0.19,1.71,15.29,1.41,0.0,0.09,0.91,0.21,-9.42,44136.28,18.85,2.88,0.2,992462048.74,FINANCEIRO E OUTROS
BMEB4,17.71,4.82,6.15,0.94,0.09,66.23,10.12,6.76,4.1,4.39,0.0,0.0,0.42,0.43,-0.17,1.71,15.29,1.41,0.0,0.09,0.91,0.21,-9.42,228599.08,18.85,2.88,0.18,992462048.74,FINANCEIRO E OUTROS
BMGB4,5.11,3.5,7.64,0.74,0.12,72.0,3.27,10.15,23.73,23.73,0.0,0.0,0.78,0.0,-0.12,0.0,9.68,1.59,0.0,0.16,0.84,0.16,0.0,8522501.03,6.91,0.67,0.2,3022434853.41,FINANCEIRO E OUTROS
BMIN3,22.32,0.0,43.89,0.86,0.52,81.2,37.26,21.89,25.78,25.59,0.0,0.0,9.61,11.12,-0.71,1.21,1.96,1.19,0.0,0.61,0.39,0.05,-1.79,21952.6,25.93,0.51,4.31,106903103.84,FINANCEIRO E OUTROS
BMIN4,21.2,6.6,41.68,0.82,0.5,81.2,37.26,21.89,24.49,25.59,0.0,0.0,9.13,10.56,-0.68,1.21,1.96,1.19,0.0,0.61,0.39,0.05,-1.79,47545.39,25.93,0.51,4.09,106903103.84,FINANCEIRO E OUTROS
BMKS3,242.0,2.51,26.87,0.6,0.53,28.71,3.39,19.72,156.32,-46.82,-203.14,-0.78,5.3,0.69,-2.72,30.55,2.23,1.98,-0.74,0.89,0.11,0.1,-13.82,11474.97,404.66,9.01,1.71,110049500.0,CONSUMO CÍCLICO
BNBR3,70.0,0.0,5.93,0.98,0.1,57.57,40.13,25.83,3.82,3.82,0.0,0.0,1.53,1.81,-0.1,0.0,16.51,1.65,0.0,0.1,0.9,0.06,-9.48,28903.62,71.46,11.8,-0.14,6046002480.0,FINANCEIRO E OUTROS
BOBR4,2.38,0.0,16.12,-2.57,0.93,35.04,12.14,3.57,4.74,3.85,1.62,-1.00943461643573,0.58,-3.26,-1.55,0.58,-15.94,5.78,-913.16,-0.36,1.36,1.62,-1.67,161761.56,-0.93,0.15,-0.11,292488819.56,CONSUMO NÃO CÍCLICO
BPAC11,92.06,1.32,26.16,3.22,0.34,-7.36,7.72,24.86,84.2,84.2,0.0,0.0,6.5,-6.15,-0.88,0.92,12.29,1.3,0.0,0.11,0.89,0.05,2.49,467889016.05,28.63,3.52,-2.08,85801156856.79,FINANCEIRO E OUTROS
BPAC3,43.94,0.92,37.46,4.6,0.49,-7.36,7.72,24.86,120.56,84.2,0.0,0.0,9.31,-8.81,-1.26,0.92,12.29,1.3,0.0,0.11,0.89,0.05,2.49,235687.62,9.54,1.17,-2.98,85801156856.79,FINANCEIRO E OUTROS
BPAC5,23.4,1.73,19.95,2.45,0.26,-7.36,7.72,24.86,64.21,84.2,0.0,0.0,4.96,-4.69,-0.67,0.92,12.29,1.3,0.0,0.11,0.89,0.05,2.49,226353.38,9.54,1.17,-1.59,85801156856.79,FINANCEIRO E OUTROS
BPAN4,10.63,1.95,19.54,2.41,0.33,61.65,9.35,6.84,14.29,14.29,0.0,0.0,1.34,-1.65,-0.56,0.67,12.33,1.68,0.0,0.14,0.86,0.25,5.89,72703313.87,4.41,0.54,3.6,12809746566.23,FINANCEIRO E OUTROS
BRAP3,58.51,3.11,13.88,1.81,1.8,0.0,0.0,0.0,13.94,15.41,-0.04,-0.01,0.0,53.57,-1.87,11.8,13.03,12.99,12.98,1.0,0.0,0.0,0.0,2462502.18,32.34,4.22,-0.03,22570149535.87,MATERIAIS BÁSICOS
BRAP4,68.28,2.93,16.2,2.11,2.1,0.0,0.0,0.0,16.27,15.41,-0.04,-0.01,0.0,62.52,-2.18,11.8,13.03,12.99,12.98,1.0,0.0,0.0,0.0,191819102.87,32.34,4.22,-0.03,22570149535.87,MATERIAIS BÁSICOS
BRDT3,21.68,4.28,6.47,2.07,0.89,5.47,5.6,4.79,5.53,6.67,1.14,0.43,0.31,3.94,-1.69,1.92,31.99,13.79,17.54,0.43,0.57,2.88,-3.48,233724147.77,10.48,3.35,0.08,25257200000.0,PETRÓLEO. GÁS E BIOCOMBUSTÍVEIS
BRFS3,24.82,0.0,14.58,2.29,0.41,24.0,7.21,3.51,7.08,12.18,5.1,1.65,0.51,2.7,-0.75,1.48,15.7,2.79,8.34,0.18,0.82,0.79,4.16,204722105.1,10.85,1.7,0.04,20165585965.72,CONSUMO NÃO CÍCLICO
BRGE11,10.0,3.64,17.92,0.41,0.24,-301.47,181.11,160.27,15.86,-15.46,-33.83,-0.87,28.72,0.57,-0.61,3.39,2.27,1.35,1.68,0.6,0.4,0.01,-1.53,20090.96,24.56,0.56,-0.99,853304102.32,FINANCEIRO E OUTROS
BRGE12,6.18,0.0,11.07,0.25,0.15,-301.47,181.11,160.27,9.8,-15.46,-33.83,-0.87,17.75,0.35,-0.38,3.39,2.27,1.35,1.68,0.6,0.4,0.01,-1.53,9864.73,24.56,0.56,-0.61,853304102.32,FINANCEIRO E OUTROS
BRGE3,9.18,0.0,16.45,0.37,0.22,-301.47,181.11,160.27,14.56,-15.46,-33.83,-0.87,26.36,0.52,-0.56,3.39,2.27,1.35,1.68,0.6,0.4,0.01,-1.53,10374.03,24.56,0.56,-0.91,853304102.32,FINANCEIRO E OUTROS
BRGE5,14.51,2.09,26.0,0.59,0.35,-301.47,181.11,160.27,23.01,-15.46,-33.83,-0.87,41.67,0.83,-0.89,3.39,2.27,1.35,1.68,0.6,0.4,0.01,-1.53,4987.15,24.56,0.56,-1.44,853304102.32,FINANCEIRO E OUTROS
BRGE6,16.5,4.41,29.57,0.67,0.4,-301.47,181.11,160.27,26.16,-15.46,-33.83,-0.87,47.39,0.94,-1.01,3.39,2.27,1.35,1.68,0.6,0.4,0.01,-1.53,2415.5,24.56,0.56,-1.64,853304102.32,FINANCEIRO E OUTROS
BRGE8,8.5,3.56,15.23,0.35,0.21,-301.47,181.11,160.27,13.48,-15.46,-33.83,-0.87,24.41,0.48,-0.52,3.39,2.27,1.35,1.68,0.6,0.4,0.01,-1.53,12784.78,24.56,0.56,-0.84,853304102.32,FINANCEIRO E OUTROS
BRIV3,9.26,0.05,10.95,0.53,0.05,12.85,13.75,10.14,8.07,7.87,0.0,0.0,1.11,0.36,-0.06,99.82,4.81,0.46,0.0,0.09,0.91,0.04,-14.49,30708.0,17.61,0.85,1.24,799721519.39,FINANCEIRO E OUTROS
BRIV4,8.67,6.67,10.25,0.49,0.05,12.85,13.75,10.14,7.56,7.87,0.0,0.0,1.04,0.33,-0.05,99.82,4.81,0.46,0.0,0.09,0.91,0.04,-14.49,19511.43,17.61,0.85,1.16,799721519.39,FINANCEIRO E OUTROS
BRKM3,37.6,0.0,-4.48,-7.75,0.35,19.15,-0.12,-11.43,-416.95,-763.89,-339.73,-11.090037279038828,0.51,5.17,-0.58,1.2,-173.07,-7.77,-7.2,-0.04,1.04,0.68,4.54,895884.08,-4.85,-8.39,-0.03,30493742483.4,MATERIAIS BÁSICOS
BRKM5,39.1,0.0,-4.66,-8.06,0.36,19.15,-0.12,-11.43,-433.58,-763.89,-339.73,-11.090037279038828,0.53,5.37,-0.6,1.2,-173.07,-7.77,-7.2,-0.04,1.04,0.68,4.54,127148804.97,-4.85,-8.39,-0.03,30493742483.4,MATERIAIS BÁSICOS
BRKM6,21.1,0.0,-2.51,-4.35,0.2,19.15,-0.12,-11.43,-233.98,-763.89,-339.73,-11.090037279038828,0.29,2.9,-0.32,1.2,-173.07,-7.77,-7.2,-0.04,1.04,0.68,4.54,9419.23,-4.85,-8.39,-0.02,30493742483.4,MATERIAIS BÁSICOS
BRML3,9.74,0.0,-28.94,0.76,0.44,87.67,-29.88,-32.11,-31.1,-40.03,-8.93,0.22,9.29,6.12,-0.49,4.01,-2.61,-1.53,-2.77,0.59,0.41,0.05,-7.67,159975565.05,12.88,-0.34,0.23,8504396583.42,FINANCEIRO E OUTROS
BRPR3,8.5,1.59,20.25,0.57,0.39,100.0,113.89,65.78,11.7,14.69,3.0,0.15,13.32,4.13,-0.45,3.57,2.83,1.94,2.54,0.68,0.32,0.03,-15.19,20558140.36,14.81,0.42,-0.6,4177837405.5,FINANCEIRO E OUTROS
BRSR3,13.7,4.65,7.7,0.67,0.06,63.68,11.43,8.84,5.96,5.61,0.0,0.0,0.68,1.4,-0.07,2.34,8.72,0.79,0.0,0.09,0.91,0.09,-5.25,171623.05,20.4,1.78,-0.18,5280773110.02,FINANCEIRO E OUTROS
BRSR5,17.18,3.82,9.66,0.84,0.08,63.68,11.43,8.84,7.47,5.61,0.0,0.0,0.85,1.76,-0.08,2.34,8.72,0.79,0.0,0.09,0.91,0.09,-5.25,10209.69,20.4,1.78,-0.23,5280773110.02,FINANCEIRO E OUTROS
BRSR6,12.12,5.26,6.81,0.59,0.05,63.68,11.43,8.84,5.27,5.61,0.0,0.0,0.6,1.24,-0.06,2.34,8.72,0.79,0.0,0.09,0.91,0.09,-5.25,34278062.33,20.4,1.78,-0.16,5280773110.02,FINANCEIRO E OUTROS
BSEV3,8.02,0.0,-13.05,-8.08,0.61,20.68,14.14,-6.03,5.56,9.71,4.14,-13.251793847685164,0.79,-1.27,-1.04,0.46,-61.9,-4.66,22.54,-0.08,1.07,0.77,7.69,1814878.95,-0.99,-0.61,0.68,8183843996.52,CONSUMO NÃO CÍCLICO
BSLI3,49.12,5.03,39.66,26.3,0.72,75.23,26.67,18.74,27.87,26.09,0.0,0.0,7.43,-3.55,-0.89,0.49,66.32,1.81,0.0,0.03,0.97,0.1,-2.43,129114.31,1.87,1.24,5.1,16695456080.0,FINANCEIRO E OUTROS
BSLI4,35.4,7.68,28.59,18.96,0.52,75.23,26.67,18.74,20.09,26.09,0.0,0.0,5.36,-2.56,-0.64,0.49,66.32,1.81,0.0,0.03,0.97,0.1,-2.43,122985.84,1.87,1.24,3.67,16695456080.0,FINANCEIRO E OUTROS
BTOW3,60.26,0.0,-160.14,3.56,1.49,28.42,1.78,-2.08,186.91,168.72,-18.18,-0.35,3.33,3.23,-4.94,2.96,-2.22,-0.93,0.82,0.42,0.58,0.45,2.35,332777589.64,16.94,-0.38,4.74,33750768018.12,CONSUMO CÍCLICO
BTTL3,9.11,0.0,12.82,7.09,0.84,19.02,5.5,2.65,6.17,7.32,1.15,1.32,0.34,15.17,-1.55,1.14,55.29,6.52,27.57,0.12,0.88,2.46,-11.43,12114.67,1.29,0.71,-0.04,135379774.48,FINANCEIRO E OUTROS
CALI4,50.0,0.0,9.58,5.63,0.15,18.39,12.73,6.47,4.86,12.74,6.31,7.31,0.62,0.49,-0.3,2.56,58.84,1.56,8.37,0.03,0.97,0.24,-7.97,9554.0,8.87,5.22,-0.09,24582197.2,CONSUMO CÍCLICO
CAMB3,4.4,0.0,8.45,1.92,0.66,45.0,10.13,14.06,11.73,15.85,4.12,0.67,1.19,-37.55,-1.05,0.95,22.69,7.82,3.9,0.34,0.66,0.56,-11.36,265816.9,2.3,0.52,0.95,185966352.0,CONSUMO CÍCLICO
CAML3,10.22,5.85,8.52,1.68,0.79,23.45,8.68,6.27,6.15,7.98,1.83,0.5,0.53,2.6,-1.79,2.17,19.73,9.23,13.28,0.47,0.53,1.47,7.98,15029412.41,6.08,1.2,0.22,3781400000.0,CONSUMO NÃO CÍCLICO
CARD3,15.92,1.99,14.22,2.28,1.23,29.72,15.51,10.24,9.39,10.09,0.7,0.17,1.46,30.41,-1.76,1.16,16.01,8.67,12.28,0.54,0.46,0.85,-0.29,2881787.46,6.99,1.12,0.19,665456000.0,BENS INDUSTRIAIS
CASN3,14.34,0.29,101.97,8.66,3.05,50.85,24.24,9.84,41.38,37.6,4.83,1.01,10.03,-155.57,-3.51,0.87,8.5,2.99,7.85,0.35,0.65,0.3,7.49,1520.0,1.66,0.14,-16.99,9083999874.51,UTILIDADE PÚBLICA
CBEE3,16.09,2.47,54.8,0.75,0.23,12.79,5.04,0.79,8.55,21.03,12.48,1.09,0.43,10.73,-0.32,1.08,1.36,0.42,3.5,0.31,0.69,0.53,3.81,9005.68,21.55,0.29,-0.66,2681146305.34,UTILIDADE PÚBLICA
CCPR3,11.3,8.25,34.05,0.59,0.35,63.04,50.22,10.42,7.06,11.46,4.4,0.37,3.55,5.29,-0.39,2.57,1.72,1.03,4.79,0.6,0.4,0.1,4.82,5576372.18,19.26,0.33,0.63,1724882228.5,FINANCEIRO E OUTROS
CCRO3,12.18,3.96,128.79,3.1,0.74,34.64,20.58,1.93,12.09,18.82,6.73,1.73,2.49,48.83,-0.97,1.07,2.41,0.57,5.17,0.24,0.76,0.3,3.13,151586539.18,3.93,0.09,-1.49,24603600000.0,BENS INDUSTRIAIS
CEAB3,10.75,0.0,-19.92,1.25,0.45,46.42,-4.02,-4.07,-20.18,-18.36,1.81,-0.11,0.81,2.61,-0.87,1.56,-6.27,-2.28,-6.56,0.36,0.64,0.56,-11.1,22466027.97,8.61,-0.54,0.0,3313634481.0,CONSUMO CÍCLICO
CEBR3,171.5,0.97,5.72,2.74,0.64,48.92,51.47,169.54,18.83,18.57,-0.32,-0.05,9.69,5.22,-4.79,1.17,48.02,11.28,10.73,0.23,0.77,0.07,-36.1,268540.91,62.49,30.01,0.02,2480075821.8,UTILIDADE PÚBLICA
CEBR5,173.0,2.27,5.77,2.77,0.65,48.92,51.47,169.54,18.99,18.57,-0.32,-0.05,9.77,5.27,-4.84,1.17,48.02,11.28,10.73,0.23,0.77,0.07,-36.1,158711.59,62.49,30.01,0.02,2480075821.8,UTILIDADE PÚBLICA
CEBR6,172.56,1.06,5.75,2.76,0.65,48.92,51.47,169.54,18.94,18.57,-0.32,-0.05,9.75,5.25,-4.82,1.17,48.02,11.28,10.73,0.23,0.77,0.07,-36.1,231235.38,62.49,30.01,0.02,2480075821.8,UTILIDADE PÚBLICA
CEDO3,10.26,0.0,-1.76,0.81,0.15,15.82,-2.18,-9.98,-8.03,-22.44,-16.06,1.62,0.18,-2.02,-0.25,0.84,-46.11,-8.71,-3.52,0.19,0.78,0.87,3.73,24214.63,12.68,-5.85,0.01,81521880.64,CONSUMO CÍCLICO
CEDO4,5.35,0.0,-0.92,0.42,0.08,15.82,-2.18,-9.98,-4.19,-22.44,-16.06,1.62,0.09,-1.05,-0.13,0.84,-46.11,-8.71,-3.52,0.19,0.78,0.87,3.73,49714.18,12.68,-5.85,0.0,81521880.64,CONSUMO CÍCLICO
CEEB3,41.4,2.35,8.9,1.78,0.52,22.62,16.05,10.8,5.99,11.22,4.05,1.2,0.96,16.22,-0.65,1.19,19.95,5.83,11.29,0.29,0.71,0.54,10.93,23768.5,23.31,4.65,0.43,12973476657.64,UTILIDADE PÚBLICA
CEEB5,44.17,2.2,9.5,1.9,0.55,22.62,16.05,10.8,6.39,11.22,4.05,1.2,1.03,17.3,-0.69,1.19,19.95,5.83,11.29,0.29,0.71,0.54,10.93,7117.0,23.31,4.65,0.46,12973476657.64,UTILIDADE PÚBLICA
CEED3,50.5,0.0,-0.32,-0.09,0.13,-1.01,-16.7,-44.49,-0.86,-2.49,-1.63,-0.17521296805856057,0.14,-0.11,-0.17,0.17,-28.67,-39.36,13.7,-1.37,2.37,0.88,3.53,11626.58,-548.09,-157.15,-0.01,492075946.0,UTILIDADE PÚBLICA
CEED4,70.0,0.0,-0.45,-0.13,0.18,-1.01,-16.7,-44.49,-1.19,-2.49,-1.63,-0.17521296805856057,0.2,-0.15,-0.23,0.17,-28.67,-39.36,13.7,-1.37,2.37,0.88,3.53,7000.0,-548.09,-157.15,-0.01,492075946.0,UTILIDADE PÚBLICA
CEGR3,61.26,0.16,40.45,13.47,4.55,29.25,18.21,10.97,24.36,25.54,1.18,0.66,4.44,-75.63,-6.09,0.81,33.31,11.25,19.93,0.34,0.66,1.03,5.62,122069.7,4.55,1.51,0.34,15905407462.32,UTILIDADE PÚBLICA
CEPE3,127.13,1.59,43.71,5.57,0.83,15.77,7.78,3.16,17.76,25.09,8.86,2.78,1.38,85.45,-1.11,1.04,12.75,1.9,6.53,0.15,0.85,0.6,8.76,92909.67,22.81,2.91,2.22,8665887668.59,UTILIDADE PÚBLICA
CEPE5,28.5,7.08,9.8,1.25,0.19,15.77,7.78,3.16,3.98,25.09,8.86,2.78,0.31,19.16,-0.25,1.04,12.75,1.9,6.53,0.15,0.85,0.6,8.76,10848.64,22.81,2.91,0.5,8665887668.59,UTILIDADE PÚBLICA
CEPE6,45.0,4.93,15.47,1.97,0.29,15.77,7.78,3.16,6.29,25.09,8.86,2.78,0.49,30.25,-0.39,1.04,12.75,1.9,6.53,0.15,0.85,0.6,8.76,5862.0,22.81,2.91,0.79,8665887668.59,UTILIDADE PÚBLICA
CESP3,32.8,6.94,6.21,1.49,0.74,37.95,42.39,90.17,13.22,13.26,1.37,0.15,5.6,157.36,-0.8,1.06,23.99,11.88,-7.3,0.5,0.5,0.13,-8.26,357559.72,22.0,5.28,0.13,9667880104.16,UTILIDADE PÚBLICA
CESP5,39.0,9.42,7.39,1.77,0.88,37.95,42.39,90.17,15.72,13.26,1.37,0.15,6.66,187.11,-0.95,1.06,23.99,11.88,-7.3,0.5,0.5,0.13,-8.26,29190.44,22.0,5.28,0.15,9667880104.16,UTILIDADE PÚBLICA
CESP6,27.88,8.17,5.28,1.27,0.63,37.95,42.39,90.17,11.23,13.26,1.37,0.15,4.76,133.76,-0.68,1.06,23.99,11.88,-7.3,0.5,0.5,0.13,-8.26,78569026.69,22.0,5.28,0.11,9667880104.16,UTILIDADE PÚBLICA
CGAS3,150.0,5.66,17.28,33.69,1.87,33.8,24.09,13.83,9.92,12.63,2.71,9.21,2.39,32.29,-3.11,1.17,195.0,10.84,18.79,0.06,0.94,0.78,4.74,24283.9,4.45,8.68,-1.09,19878088050.0,UTILIDADE PÚBLICA
CGAS5,153.51,6.09,17.68,34.48,1.92,33.8,24.09,13.83,10.15,12.63,2.71,9.21,2.45,33.04,-3.18,1.17,195.0,10.84,18.79,0.06,0.94,0.78,4.74,448147.23,4.45,8.68,-1.12,19878088050.0,UTILIDADE PÚBLICA
CGRA3,30.25,4.21,4.34,0.94,0.72,53.96,24.81,31.06,5.44,4.27,-0.94,-0.16,1.35,2.82,-1.19,2.82,21.75,16.61,13.56,0.76,0.24,0.53,3.42,62800.26,32.03,6.97,0.03,567337154.45,CONSUMO CÍCLICO
CGRA4,28.14,4.52,4.04,0.88,0.67,53.96,24.81,31.06,5.06,4.27,-0.94,-0.16,1.25,2.63,-1.11,2.82,21.75,16.61,13.56,0.76,0.24,0.53,3.42,709050.46,32.03,6.97,0.03,567337154.45,CONSUMO CÍCLICO
CIEL3,3.56,1.73,-19.8,0.69,0.11,27.85,-1.29,-4.37,-66.94,-102.92,-35.98,0.37,0.86,1.12,-0.59,1.13,-3.47,-0.53,-2.02,0.15,0.85,0.12,0.11,145403354.41,5.17,-0.18,0.15,9671861617.16,FINANCEIRO E OUTROS
CLSC3,58.9,4.03,4.38,1.14,0.21,13.59,7.69,5.86,3.33,4.45,1.17,0.4,0.26,5.25,-0.34,1.12,26.13,4.86,12.05,0.19,0.81,0.83,4.67,9497.67,51.45,13.45,0.05,2240065363.38,UTILIDADE PÚBLICA
CLSC4,57.52,4.54,4.28,1.12,0.21,13.59,7.69,5.86,3.25,4.45,1.17,0.4,0.25,5.12,-0.33,1.12,26.13,4.86,12.05,0.19,0.81,0.83,4.67,272964.56,51.45,13.45,0.05,2240065363.38,UTILIDADE PÚBLICA
CMIG3,15.53,3.96,8.24,1.35,0.44,21.34,18.66,11.35,5.01,6.55,2.12,0.57,0.93,4.09,-0.61,1.6,16.39,5.3,11.6,0.32,0.68,0.47,2.9,12684686.59,11.51,1.89,-0.98,20825973181.77,UTILIDADE PÚBLICA
CMIG4,12.8,4.8,6.79,1.11,0.36,21.34,18.66,11.35,4.13,6.55,2.12,0.57,0.77,3.37,-0.5,1.6,16.39,5.3,11.6,0.32,0.68,0.47,2.9,126413250.13,11.51,1.89,-0.81,20825973181.77,UTILIDADE PÚBLICA
CNTO3,26.8,0.0,175.34,3.37,1.26,45.63,5.49,1.71,54.52,57.15,2.63,0.16,2.99,4.4,-2.46,2.42,1.92,0.72,2.88,0.37,0.63,0.42,0.0,43749922.54,7.94,0.15,-2.03,6482647524.4,CONSUMO CÍCLICO
COCE3,51.24,4.14,15.04,1.23,0.43,12.67,6.7,4.52,10.14,13.39,5.67,0.69,0.68,-8.89,-0.57,0.84,8.21,2.83,5.07,0.34,0.66,0.63,7.29,42299.0,41.49,3.41,-0.44,3034024821.42,UTILIDADE PÚBLICA
COCE5,53.7,3.95,15.77,1.29,0.45,12.67,6.7,4.52,10.63,13.39,5.67,0.69,0.71,-9.32,-0.6,0.84,8.21,2.83,5.07,0.34,0.66,0.63,7.29,1347644.21,41.49,3.41,-0.46,3034024821.42,UTILIDADE PÚBLICA
COGN3,3.77,0.0,-3.62,0.41,0.2,59.44,-15.18,-31.59,-7.53,-15.15,-7.61,0.42,1.14,1.75,-0.26,1.94,-11.37,-5.42,-3.65,0.48,0.49,0.17,13.24,201438690.13,9.16,-1.04,0.01,7074805411.7,CONSUMO CÍCLICO
CPFE3,29.82,6.04,9.43,2.41,0.7,22.4,16.55,11.79,6.72,9.28,2.56,0.92,1.11,-57.83,-0.97,0.96,25.59,7.42,12.15,0.29,0.71,0.63,8.45,85650815.44,12.35,3.16,0.27,34360227400.8,UTILIDADE PÚBLICA
CPLE3,6.79,4.15,4.76,0.92,0.4,28.37,22.83,20.95,4.37,6.03,1.58,0.33,1.0,10.6,-0.53,1.18,19.28,8.35,9.83,0.43,0.57,0.4,4.51,13640610.36,7.4,1.43,0.05,18928485559.0,UTILIDADE PÚBLICA
CPLE5,134.06,0.41,93.97,18.12,7.84,28.37,22.83,20.95,86.25,6.03,1.58,0.33,19.69,209.27,-10.37,1.18,19.28,8.35,9.83,0.43,0.57,0.4,4.51,6052.0,7.4,1.43,0.98,18928485559.0,UTILIDADE PÚBLICA
CPLE6,7.06,4.39,4.95,0.95,0.41,28.37,22.83,20.95,4.54,6.03,1.58,0.33,1.04,11.02,-0.55,1.18,19.28,8.35,9.83,0.43,0.57,0.4,4.51,90693732.82,7.4,1.43,0.05,18928485559.0,UTILIDADE PÚBLICA
CRDE3,23.5,0.0,-17.74,0.47,0.43,80.97,3.49,-48.06,244.29,167.57,-76.73,-0.15,8.53,2.63,-0.54,4.89,-2.67,-2.41,-0.28,0.9,0.1,0.05,11.36,40951.04,49.69,-1.32,0.23,56920595.5,CONSUMO CÍCLICO
CRFB3,22.32,1.11,16.59,2.6,0.86,19.55,6.33,3.75,9.84,9.86,0.02,0.01,0.62,63.94,-1.68,1.03,15.67,5.15,15.0,0.33,0.67,1.37,11.38,93920193.15,8.59,1.35,0.1,44309642796.0,CONSUMO NÃO CÍCLICO
CRIV3,5.2,0.0,9.84,0.53,0.06,68.16,12.2,8.81,7.1,7.81,0.0,0.0,0.87,0.65,-0.07,2.55,5.41,0.58,0.0,0.11,0.89,0.07,-7.18,39960.72,9.77,0.53,-0.4,588348835.6,FINANCEIRO E OUTROS
CRIV4,6.4,6.79,12.11,0.66,0.07,68.16,12.2,8.81,8.74,7.81,0.0,0.0,1.07,0.8,-0.08,2.55,5.41,0.58,0.0,0.11,0.89,0.07,-7.18,22167.41,9.77,0.53,-0.49,588348835.6,FINANCEIRO E OUTROS
CRPG3,51.0,1.73,8.02,2.03,1.39,36.04,18.15,25.21,11.15,9.53,-2.96,-0.54,2.02,2.19,-6.4,5.27,25.34,17.34,10.61,0.68,0.32,0.69,15.93,22491.4,25.08,6.36,0.12,1659129412.5,MATERIAIS BÁSICOS
CRPG5,60.5,1.46,9.52,2.41,1.65,36.04,18.15,25.21,13.22,9.53,-2.96,-0.54,2.4,2.6,-7.6,5.27,25.34,17.34,10.61,0.68,0.32,0.69,15.93,837664.49,25.08,6.36,0.14,1659129412.5,MATERIAIS BÁSICOS
CRPG6,59.75,1.48,9.4,2.38,1.63,36.04,18.15,25.21,13.06,9.53,-2.96,-0.54,2.37,2.57,-7.5,5.27,25.34,17.34,10.61,0.68,0.32,0.69,15.93,82023.42,25.08,6.36,0.14,1659129412.5,MATERIAIS BÁSICOS
CSAB3,49.08,6.32,7.39,1.89,0.94,169.17,1391.38,1507.38,8.0,8.16,0.0,0.0,111.32,9.25,-1.15,2.24,25.66,12.7,0.0,0.49,0.51,0.01,-41.88,7379.5,25.9,6.65,0.04,384268800.0,FINANCEIRO E OUTROS
CSAB4,50.99,6.69,7.67,1.97,0.97,169.17,1391.38,1507.38,8.31,8.16,0.0,0.0,115.65,9.61,-1.19,2.24,25.66,12.7,0.0,0.49,0.51,0.01,-41.88,56723.08,25.9,6.65,0.04,384268800.0,FINANCEIRO E OUTROS
CSAN3,89.81,1.67,49.4,3.66,1.18,27.34,17.98,6.31,17.32,21.81,4.48,0.95,3.11,8.38,-1.73,1.78,7.4,2.38,8.04,0.32,0.68,0.38,10.1,316304562.03,24.56,1.82,-0.76,42077577600.73,PETRÓLEO. GÁS E BIOCOMBUSTÍVEIS
CSMG3,14.69,19.16,6.84,0.87,0.47,44.99,23.96,15.28,4.36,6.69,2.32,0.46,1.05,9.07,-0.57,1.44,12.65,6.94,9.69,0.55,0.45,0.45,6.86,38973005.64,16.98,2.15,0.83,5585917583.61,UTILIDADE PÚBLICA
CSNA3,36.43,0.02,13.32,4.49,0.8,36.39,19.01,12.62,8.85,12.62,3.77,1.91,1.68,5.84,-1.28,1.59,33.72,6.02,10.94,0.18,0.82,0.48,14.52,641450714.77,8.11,2.73,0.12,50547501032.21,MATERIAIS BÁSICOS
CSRN3,15.51,2.07,7.62,1.96,0.56,22.91,16.75,12.24,5.57,8.77,3.19,1.12,0.93,7.47,-0.72,1.52,25.73,7.41,13.09,0.29,0.71,0.61,9.71,10724.37,7.91,2.03,0.3,2610277677.09,UTILIDADE PÚBLICA
CSRN5,15.6,2.26,7.67,1.97,0.57,22.91,16.75,12.24,5.6,8.77,3.19,1.12,0.94,7.51,-0.73,1.52,25.73,7.41,13.09,0.29,0.71,0.61,9.71,10704.78,7.91,2.03,0.3,2610277677.09,UTILIDADE PÚBLICA
CSRN6,15.7,2.25,7.72,1.99,0.57,22.91,16.75,12.24,5.64,8.77,3.19,1.12,0.94,7.56,-0.73,1.52,25.73,7.41,13.09,0.29,0.71,0.61,9.71,9111.0,7.91,2.03,0.31,2610277677.09,UTILIDADE PÚBLICA
CTKA3,25.33,0.0,1.16,-0.78,0.31,39.59,27.74,37.1,1.56,6.08,4.73,-2.3787378722938226,0.43,1.33,-0.8,1.62,-67.24,26.65,20.91,-0.4,1.4,0.72,0.27,16510.26,-32.37,21.77,0.0,136055882.9,CONSUMO CÍCLICO
CTKA4,18.98,0.0,0.87,-0.59,0.23,39.59,27.74,37.1,1.17,6.08,4.73,-2.3787378722938226,0.32,1.0,-0.6,1.62,-67.24,26.65,20.91,-0.4,1.4,0.72,0.27,42262.87,-32.37,21.77,0.0,136055882.9,CONSUMO CÍCLICO
CTNM3,12.0,0.0,-1.68,0.44,0.09,30.47,-1.66,-12.13,-12.28,-51.74,-43.22,1.55,0.2,2.91,-0.14,1.09,-26.15,-5.17,-3.6,0.2,0.64,0.43,-5.3,7620.96,27.26,-7.13,0.01,254752799.25,CONSUMO CÍCLICO
CTNM4,5.25,0.0,-0.74,0.19,0.04,30.47,-1.66,-12.13,-5.37,-51.74,-43.22,1.55,0.09,1.27,-0.06,1.09,-26.15,-5.17,-3.6,0.2,0.64,0.43,-5.3,94332.54,27.26,-7.13,0.0,254752799.25,CONSUMO CÍCLICO
CTSA3,2.58,1.18,-17946.98,1.01,0.45,18.14,4.42,0.0,14.42,25.48,11.06,0.77,0.64,14.4,-0.83,1.07,-0.01,0.0,2.79,0.45,0.55,0.71,2.57,215298.23,2.56,0.0,179.42,287151755.4,CONSUMO CÍCLICO
CTSA4,1.9,1.6,-13216.77,0.74,0.33,18.14,4.42,0.0,10.62,25.48,11.06,0.77,0.47,10.6,-0.61,1.07,-0.01,0.0,2.79,0.45,0.55,0.71,2.57,113227.36,2.56,0.0,132.13,287151755.4,CONSUMO CÍCLICO
CURY3,9.08,0.0,16480.27,4125.59,1611.36,37.42,19.66,14.05,11777.63,11776.94,-0.69,-0.24,2315.25,3531.39,-9069.87,2.25,25.03,9.78,21.63,0.39,0.61,0.7,12.3,7608346.72,0.0,0.0,-164.94,2650225799.04,CONSUMO CÍCLICO
CVCB3,19.02,0.0,-3.2,66.36,0.75,82.8,-224.58,-191.51,-2.73,-3.13,-0.4,9.72,6.12,-41.07,-1.94,0.97,-2075.39,-23.48,-109.51,0.01,0.99,0.12,-6.66,117202743.03,0.29,-5.95,0.0,3826391447.16,CONSUMO CÍCLICO
CYRE3,23.07,7.88,5.24,1.59,0.81,32.7,57.66,46.04,4.18,4.57,0.39,0.15,2.41,2.33,-1.72,2.88,30.37,15.4,20.53,0.51,0.49,0.33,-2.51,180976603.23,14.5,4.4,0.02,9222066372.93,CONSUMO CÍCLICO
DASA3,144.3,0.2,-460.08,19.62,5.2,24.94,2.37,-2.14,416.58,439.54,22.96,1.08,9.86,57.93,-7.6,1.4,-4.26,-1.13,1.07,0.27,0.73,0.53,20.3,193954.59,7.36,-0.31,2.08,69381425279.4,SAÚDE
DIRR3,11.92,6.8,16.17,1.36,0.36,34.82,14.75,7.53,8.26,8.91,0.65,0.11,1.22,0.87,-0.75,4.66,8.44,2.22,7.89,0.26,0.74,0.29,-0.89,15811275.9,8.74,0.74,1.29,1828513088.08,CONSUMO CÍCLICO
DMMO3,0.94,0.0,-0.7,-0.33,0.82,-13.98,-72.9,-111.2,-1.07,-0.85,0.22,0.06742633727115653,0.78,-1.06,-1.8,0.41,-47.51,-117.06,31.33,-2.46,3.46,1.05,-15.03,9314123.28,-2.82,-1.34,0.08,289471734.76,PETRÓLEO. GÁS E BIOCOMBUSTÍVEIS
DMVF3,8.79,0.0,3616.25,0.53,0.31,32.35,0.66,0.01,66.92,55.62,-11.29,-0.09,0.44,2.69,-0.46,1.52,0.01,0.01,-1.16,0.57,0.43,0.69,-11.3,2625272.74,16.52,0.0,-2.07,444798981.18,SAÚDE
DOHL3,28.01,1.47,25.22,3.23,2.44,29.08,13.26,16.1,30.61,22.92,-0.78,-0.08,4.06,5.6,-5.28,5.24,12.82,9.67,6.74,0.75,0.25,0.6,5.55,16407.31,8.67,1.11,0.15,1640213723.85,CONSUMO CÍCLICO
DOHL4,5.41,8.4,4.87,0.62,0.47,29.08,13.26,16.1,5.91,22.92,-0.78,-0.08,0.78,1.08,-1.02,5.24,12.82,9.67,6.74,0.75,0.25,0.6,5.55,60245.97,8.67,1.11,0.03,1640213723.85,CONSUMO CÍCLICO
DTCY3,9.94,0.0,-48.91,18.41,4.06,32.9,-3.27,-12.55,-187.53,-226.69,1.06,-0.1,6.14,-21.56,-5.61,0.59,-37.64,-8.3,-6.59,0.22,0.78,0.66,-1.4,52072.76,0.54,-0.2,-1.64,134374934.44,BENS INDUSTRIAIS
DTEX3,18.75,3.99,28.58,2.5,1.13,31.5,11.43,7.72,19.31,21.5,2.2,0.28,2.21,7.17,-1.78,1.75,8.75,3.95,7.04,0.45,0.55,0.51,8.21,65946775.36,7.5,0.66,2.4,12970959393.75,MATERIAIS BÁSICOS
EALT3,16.01,0.34,14.27,2.01,0.82,25.31,12.72,10.03,11.25,9.14,2.27,0.4,1.43,12.38,-1.49,1.17,14.06,5.71,9.02,0.41,0.59,0.57,11.42,217894.41,7.98,1.12,0.29,219847500.0,BENS INDUSTRIAIS
EALT4,5.0,1.2,4.46,0.63,0.25,25.31,12.72,10.03,3.51,9.14,2.27,0.4,0.45,3.87,-0.46,1.17,14.06,5.71,9.02,0.41,0.59,0.57,11.42,255689.44,7.98,1.12,0.09,219847500.0,BENS INDUSTRIAIS
ECOR3,11.21,0.0,-14.77,111.48,0.56,41.08,21.64,-10.6,7.23,15.37,8.13,125.34,1.57,-8.15,-0.67,0.69,-754.68,-3.82,4.31,0.01,0.99,0.36,7.89,43759609.59,0.1,-0.76,-0.11,6263016686.8,BENS INDUSTRIAIS
ECPR3,77.0,0.0,-2.41,1.04,0.55,0.0,0.0,0.0,-2.83,-2.78,0.02,-0.01,0.0,94.03,-0.55,2.94,-43.42,-22.74,-37.09,0.52,0.48,0.0,0.0,7733.0,73.72,-32.01,0.01,144522337.24,CONSUMO CÍCLICO
ECPR4,74.96,0.0,-2.34,1.02,0.53,0.0,0.0,0.0,-2.76,-2.78,0.02,-0.01,0.0,91.54,-0.54,2.94,-43.42,-22.74,-37.09,0.52,0.48,0.0,0.0,10030.67,73.72,-32.01,0.01,144522337.24,CONSUMO CÍCLICO
EEEL3,547.5,3.61,13.8,1.97,0.93,59.99,46.83,26.56,7.82,7.97,0.13,0.03,3.66,5.56,-1.28,2.63,14.25,6.77,16.6,0.48,0.52,0.25,10.14,110251.0,278.37,39.68,1.48,5297585775.0,UTILIDADE PÚBLICA
EEEL4,600.0,3.62,15.12,2.16,1.02,59.99,46.83,26.56,8.57,7.97,0.13,0.03,4.02,6.1,-1.4,2.63,14.25,6.77,16.6,0.48,0.52,0.25,10.14,60000.0,278.37,39.68,1.62,5297585775.0,UTILIDADE PÚBLICA
EGIE3,41.18,4.19,12.01,4.34,0.95,44.57,45.43,22.82,6.03,8.23,2.19,1.58,2.74,14.28,-1.22,1.44,36.13,7.95,19.1,0.22,0.78,0.35,13.49,82708503.9,9.49,3.43,0.57,33599904333.2,UTILIDADE PÚBLICA
EKTR3,38.98,1.63,12.76,2.53,0.81,19.42,13.9,8.66,7.95,9.91,3.24,1.03,1.11,74.05,-1.23,1.03,19.85,6.38,10.24,0.32,0.68,0.74,4.01,7697.25,15.39,3.06,0.65,6331215416.63,UTILIDADE PÚBLICA
EKTR4,26.99,2.59,8.83,1.75,0.56,19.42,13.9,8.66,5.5,9.91,3.24,1.03,0.77,51.27,-0.85,1.03,19.85,6.38,10.24,0.32,0.68,0.74,4.01,35916.42,15.39,3.06,0.45,6331215416.63,UTILIDADE PÚBLICA
ELET3,33.14,9.24,8.2,0.71,0.29,72.63,29.66,21.8,6.03,9.55,3.5,0.41,1.79,2.77,-0.39,1.71,8.59,3.54,6.62,0.41,0.59,0.16,-2.25,278712220.67,47.01,4.04,-0.2,52221241891.74,UTILIDADE PÚBLICA
ELET5,72.02,6.07,17.83,1.53,0.63,72.63,29.66,21.8,13.1,9.55,3.5,0.41,3.89,6.01,-0.84,1.71,8.59,3.54,6.62,0.41,0.59,0.16,-2.25,76670.06,47.01,4.04,-0.44,52221241891.74,UTILIDADE PÚBLICA
ELET6,33.95,9.92,8.4,0.72,0.3,72.63,29.66,21.8,6.18,9.55,3.5,0.41,1.83,2.83,-0.4,1.71,8.59,3.54,6.62,0.41,0.59,0.16,-2.25,134095046.56,47.01,4.04,-0.21,52221241891.74,UTILIDADE PÚBLICA
EMAE4,60.59,12.65,11.28,3.12,1.31,46.2,32.01,44.39,15.64,8.86,-3.16,-0.63,5.01,7.26,-2.31,1.71,27.62,11.6,8.99,0.42,0.58,0.26,17.64,297509.77,19.45,5.37,0.1,1720406580.76,UTILIDADE PÚBLICA
EMBR3,13.12,0.0,-2.69,0.64,0.18,12.25,-8.56,-18.41,-5.78,-11.18,-5.4,0.59,0.49,0.5,-0.42,2.53,-23.68,-6.6,-5.12,0.28,0.72,0.36,-0.66,222677792.05,20.63,-4.88,-0.02,9714901377.28,BENS INDUSTRIAIS
ENAT3,15.5,7.37,11.9,1.4,0.9,33.4,33.74,29.77,10.5,6.63,-3.87,-0.52,3.54,2.81,-1.6,3.72,11.79,7.56,9.01,0.64,0.36,0.25,17.18,36134238.33,11.04,1.3,0.26,4120007027.5,PETRÓLEO. GÁS E BIOCOMBUSTÍVEIS
ENBR3,19.32,2.41,7.77,1.04,0.39,24.1,18.78,10.06,4.17,6.35,2.18,0.55,0.78,-19.87,-0.51,0.93,13.4,4.98,10.67,0.37,0.63,0.49,7.87,61327373.05,18.55,2.49,0.61,11724349612.08,UTILIDADE PÚBLICA
ENEV3,16.1,0.0,20.21,2.57,1.26,46.19,34.43,31.07,18.24,22.85,4.61,0.65,6.28,10.92,-1.53,2.75,12.71,6.21,6.19,0.49,0.51,0.2,16.39,133033172.23,6.27,0.8,0.3,20368013657.6,UTILIDADE PÚBLICA
ENGI11,43.95,3.14,10.86,2.12,0.35,17.99,13.29,7.23,5.9,11.15,5.25,1.89,0.78,13.37,-0.5,1.1,19.55,3.22,7.85,0.16,0.84,0.45,10.79,82829648.67,20.71,4.05,0.05,15949999188.9,UTILIDADE PÚBLICA
ENGI3,15.54,1.78,19.2,3.75,0.62,17.99,13.29,7.23,10.43,11.15,5.25,1.89,1.39,23.64,-0.88,1.1,19.55,3.22,7.85,0.16,0.84,0.45,10.79,415939.36,4.14,0.81,0.09,15949999188.9,UTILIDADE PÚBLICA
ENGI4,7.12,3.88,8.8,1.72,0.28,17.99,13.29,7.23,4.78,11.15,5.25,1.89,0.64,10.83,-0.4,1.1,19.55,3.22,7.85,0.16,0.84,0.45,10.79,526032.85,4.14,0.81,0.04,15949999188.9,UTILIDADE PÚBLICA
ENMT3,43.0,0.0,13.89,3.39,0.99,22.44,18.28,13.3,10.11,12.77,2.82,0.94,1.85,8.33,-1.62,1.45,24.38,7.16,10.86,0.29,0.71,0.54,7.41,532637.46,12.7,3.1,0.98,9269657090.35,UTILIDADE PÚBLICA
ENMT4,41.99,1.35,13.56,3.31,0.97,22.44,18.28,13.3,9.87,12.77,2.82,0.94,1.8,8.14,-1.58,1.45,24.38,7.16,10.86,0.29,0.71,0.54,7.41,299681.27,12.7,3.1,0.96,9269657090.35,UTILIDADE PÚBLICA
EQPA3,3.88,7.22,11.93,2.54,0.7,30.26,19.9,12.23,7.33,8.84,1.5,0.52,1.46,3.52,-1.18,1.96,21.3,5.87,12.17,0.28,0.72,0.48,7.01,150415.44,1.53,0.33,0.22,8578466251.1,UTILIDADE PÚBLICA
EQPA5,5.51,4.54,16.94,3.61,0.99,30.26,19.9,12.23,10.41,8.84,1.5,0.52,2.07,5.0,-1.67,1.96,21.3,5.87,12.17,0.28,0.72,0.48,7.01,13544.47,1.53,0.33,0.32,8578466251.1,UTILIDADE PÚBLICA
EQPA6,10.48,2.67,32.22,6.86,1.89,30.26,19.9,12.23,19.81,8.84,1.5,0.52,3.94,9.51,-3.18,1.96,21.3,5.87,12.17,0.28,0.72,0.48,7.01,1068.0,1.53,0.33,0.61,8578466251.1,UTILIDADE PÚBLICA
EQPA7,5.98,4.68,18.38,3.92,1.08,30.26,19.9,12.23,11.3,8.84,1.5,0.52,2.25,5.43,-1.82,1.96,21.3,5.87,12.17,0.28,0.72,0.48,7.01,16635.53,1.53,0.33,0.35,8578466251.1,UTILIDADE PÚBLICA
EQTL3,22.63,1.41,7.69,1.86,0.52,33.46,26.73,16.63,4.78,6.91,2.13,0.83,1.28,3.85,-0.78,1.68,24.23,6.74,12.88,0.28,0.72,0.41,19.79,196373459.82,12.15,2.94,0.33,22867865853.55,UTILIDADE PÚBLICA
ESTR4,26.21,0.0,-1.35,-0.04,0.09,50.78,18.15,-11.33,0.84,3.14,2.39,-0.12159422459806489,0.15,-0.04,-0.18,0.21,-3.18,-6.42,-5.89,-2.02,3.02,0.57,-3.9,29567.11,-611.41,-19.42,0.02,18920779.0,CONSUMO CÍCLICO
ETER3,19.45,0.0,6.33,4.67,1.35,33.27,27.6,23.23,5.33,5.25,-0.08,-0.07,1.47,3.8,-3.88,2.2,73.83,21.3,54.62,0.29,0.71,0.92,-6.86,42066302.1,4.16,3.07,0.0,1005089544.75,BENS INDUSTRIAIS
EUCA3,20.4,0.99,20.36,1.31,0.71,31.25,13.99,5.57,8.1,6.71,1.89,0.31,1.13,88.7,-1.04,1.03,6.44,3.5,7.77,0.54,0.46,0.63,6.48,41084.03,15.57,1.0,0.63,1124867834.64,MATERIAIS BÁSICOS
EUCA4,7.94,2.78,7.92,0.51,0.28,31.25,13.99,5.57,3.15,6.71,1.89,0.31,0.44,34.52,-0.41,1.03,6.44,3.5,7.77,0.54,0.46,0.63,6.48,613487.64,15.57,1.0,0.25,1124867834.64,MATERIAIS BÁSICOS
EVEN3,10.02,1.44,144.66,0.86,0.41,28.87,16.28,0.88,7.81,4.74,-3.07,-0.34,1.27,0.99,-1.54,2.3,0.59,0.28,8.15,0.48,0.52,0.32,-5.4,17842039.82,11.7,0.07,-1.65,2124240000.0,CONSUMO CÍCLICO
EZTC3,30.25,0.97,16.95,1.66,1.46,43.04,28.41,43.26,25.8,21.77,-4.03,-0.26,7.33,3.91,-2.67,5.5,9.8,8.59,5.96,0.88,0.12,0.2,2.84,92952670.23,18.22,1.79,0.38,6866750000.0,CONSUMO CÍCLICO
FESA3,41.83,2.02,52.95,2.09,1.31,27.37,17.19,4.3,13.25,12.55,0.88,0.14,2.28,10.54,-1.81,1.83,3.94,2.48,12.04,0.63,0.37,0.58,11.62,23025.57,20.06,0.79,-0.77,3252825600.0,MATERIAIS BÁSICOS
FESA4,34.33,2.7,43.46,1.71,1.08,27.37,17.19,4.3,10.87,12.55,0.88,0.14,1.87,8.65,-1.48,1.83,3.94,2.48,12.04,0.63,0.37,0.58,11.62,12107085.03,20.06,0.79,-0.63,3252825600.0,MATERIAIS BÁSICOS
FHER3,6.18,0.0,-1.67,-2.25,0.18,14.36,6.99,-9.0,2.15,3.88,1.73,-1.8083230375576396,0.15,1.36,-0.38,1.35,-134.47,-11.0,93.4,-0.08,1.08,1.22,-18.89,6908301.82,-2.75,-3.7,0.01,332838015.12,MATERIAIS BÁSICOS
FLRY3,24.94,2.92,30.8,4.52,1.43,27.25,16.11,8.65,16.54,18.34,1.8,0.49,2.66,10.27,-2.17,1.69,14.68,4.65,10.81,0.32,0.68,0.54,9.42,48419062.23,5.52,0.81,-1.74,7915110608.82,SAÚDE
FRAS3,11.8,1.48,13.63,2.69,0.89,28.72,14.36,11.27,10.7,12.62,1.92,0.48,1.54,4.08,-1.78,1.77,19.73,6.52,8.91,0.33,0.67,0.58,13.81,3042630.9,4.39,0.87,0.03,2567282847.4,BENS INDUSTRIAIS
FRIO3,63.0,0.0,-1.7,20.21,0.15,17.45,5.03,-10.53,3.56,12.42,8.86,50.3,0.18,1.31,-0.48,1.2,-1188.66,-8.85,5.42,0.01,0.99,0.84,7.27,135223.38,3.12,-37.05,0.0,258725502.0,BENS INDUSTRIAIS
FRTA3,5.25,0.0,3.61,-0.16,0.31,39.16,-13.42,26.16,-7.03,-47.72,-40.69,-0.9376579742309352,0.94,-0.14,-0.36,0.06,-4.49,8.48,59.38,-1.89,2.89,0.32,-29.82,55451.67,-32.42,1.46,0.06,10505806.5,CONSUMO NÃO CÍCLICO
GEPA3,36.5,7.14,4.91,1.8,0.6,97.03,95.99,48.37,2.47,2.44,-0.03,-0.02,2.38,-3.5,-0.92,0.67,36.71,12.27,36.51,0.33,0.67,0.25,3.6,60456.94,20.24,7.43,0.03,3434223725.1,UTILIDADE PÚBLICA
GEPA4,36.3,7.18,4.88,1.79,0.6,97.03,95.99,48.37,2.46,2.44,-0.03,-0.02,2.36,-3.48,-0.92,0.67,36.71,12.27,36.51,0.33,0.67,0.25,3.6,62994.11,20.24,7.43,0.03,3434223725.1,UTILIDADE PÚBLICA
GFSA3,4.68,0.0,-18.39,0.9,0.38,20.5,0.41,-8.66,390.55,479.04,88.48,0.2,1.59,1.31,-1.17,1.73,-4.91,-2.04,-0.16,0.42,0.58,0.24,-9.34,63810495.97,5.18,-0.25,-0.04,1407164152.68,CONSUMO CÍCLICO
GGBR3,23.64,1.78,17.18,1.31,0.64,13.54,11.86,5.4,7.83,10.91,1.9,0.32,0.93,3.41,-1.02,2.04,7.61,3.75,8.41,0.49,0.51,0.69,0.11,3263235.54,18.08,1.38,0.18,46795459803.12,MATERIAIS BÁSICOS
GGBR4,29.0,1.45,21.08,1.6,0.79,13.54,11.86,5.4,9.6,10.91,1.9,0.32,1.14,4.18,-1.26,2.04,7.61,3.75,8.41,0.49,0.51,0.69,0.11,432895961.59,18.08,1.38,0.22,46795459803.12,MATERIAIS BÁSICOS
GNDI3,84.11,0.0,69.67,7.23,3.14,29.14,12.94,6.9,37.13,37.08,-0.06,-0.01,4.81,22.09,-4.57,1.83,10.37,4.5,8.23,0.43,0.57,0.65,29.03,397333750.41,11.64,1.21,0.94,51289227213.77,SAÚDE
GOAU3,11.0,2.18,13.7,0.37,0.18,13.54,11.84,1.99,2.31,4.2,1.62,0.26,0.27,0.89,-0.3,2.16,2.68,1.35,8.13,0.5,0.5,0.68,0.11,669246.72,30.01,0.8,0.13,13375053969.88,MATERIAIS BÁSICOS
GOAU4,12.96,1.85,16.14,0.43,0.22,13.54,11.84,1.99,2.72,4.2,1.62,0.26,0.32,1.05,-0.35,2.16,2.68,1.35,8.13,0.5,0.5,0.68,0.11,157220749.41,30.01,0.8,0.15,13375053969.88,MATERIAIS BÁSICOS
GOLL4,20.57,0.0,-17.89,-4.69,5.04,26.49,-3.96,-40.78,-184.2,-208.99,-24.79,-0.6028826064926321,7.3,-9.02,-6.75,0.31,-26.2,-28.15,12.66,-1.07,2.07,0.69,-8.21,188395236.85,-4.39,-1.15,-0.01,64542632311.19,BENS INDUSTRIAIS
GPAR3,64.0,0.0,45.26,4.38,3.25,53.78,71.27,51.4,32.64,32.12,-0.52,-0.07,23.26,14.62,-4.72,3.53,9.68,7.19,8.24,0.74,0.26,0.14,32.73,145199.14,14.61,1.41,0.56,4987419648.0,UTILIDADE PÚBLICA
GPCP3,21.62,1.42,5.68,2.14,0.8,21.71,17.7,11.99,3.85,4.45,0.54,0.3,0.68,5.19,-1.36,1.6,37.71,14.09,32.96,0.37,0.63,1.18,20.13,2465241.54,10.09,3.8,0.02,688721510.6,MATERIAIS BÁSICOS
GPCP4,27.44,5.69,7.21,2.72,1.02,21.71,17.7,11.99,4.89,4.45,0.54,0.3,0.86,6.59,-1.73,1.6,37.71,14.09,32.96,0.37,0.63,1.18,20.13,14770.5,10.09,3.8,0.02,688721510.6,MATERIAIS BÁSICOS
GPIV33,5.15,0.0,-0.96,0.29,0.13,100.0,133.67,57.35,-0.41,0.42,0.83,-0.59,-0.81,0.51,-0.19,5.44,-30.44,-13.7,-40.29,0.45,0.25,-0.24,17.48,917089.41,17.7,-5.39,0.0,384527881.2,FINANCEIRO E OUTROS
GRND3,7.77,2.16,17.3,1.66,1.5,46.1,15.88,21.36,23.27,18.62,-4.66,-0.33,3.7,2.46,-4.76,9.12,9.58,8.67,6.18,0.9,0.1,0.41,-2.95,11370453.77,4.69,0.45,-0.95,7009783200.0,CONSUMO CÍCLICO
GSHP3,46.93,0.0,-0.19,-0.19,0.05,66.49,17.69,-515.29,5.58,105.08,99.5,-3.4473537628235635,0.99,-3.41,-0.06,0.9,-100.93,-27.93,-3.43,-0.28,1.28,0.05,-18.98,39782.31,-242.94,-245.2,0.0,90517129.17,FINANCEIRO E OUTROS
GUAR3,13.81,2.94,-253.88,1.37,0.5,50.61,-0.5,-0.43,-219.43,-241.94,-22.5,0.14,1.1,1.9,-1.35,1.71,-0.54,-0.2,-2.25,0.36,0.64,0.45,2.55,12892867.72,10.07,-0.05,2.43,6893952000.0,CONSUMO CÍCLICO
HAGA3,3.4,0.0,7.25,-0.58,0.68,28.14,25.23,18.71,5.38,4.1,-0.1,0.010626110956190966,1.36,1.91,-3.84,1.76,-7.98,9.34,-17.58,-1.17,2.17,0.5,0.12,27750.37,-5.88,0.47,0.06,31574667.04,BENS INDUSTRIAIS
HAGA4,2.28,0.0,4.86,-0.39,0.45,28.14,25.23,18.71,3.61,4.1,-0.1,0.010626110956190966,0.91,1.28,-2.57,1.76,-7.98,9.34,-17.58,-1.17,2.17,0.5,0.12,99829.51,-5.88,0.47,0.04,31574667.04,BENS INDUSTRIAIS
HAPV3,14.96,0.39,70.94,7.1,4.11,39.11,14.81,9.16,43.86,43.54,-0.32,-0.05,6.5,40.23,-5.55,1.65,10.0,5.79,9.28,0.58,0.42,0.63,28.32,183748471.28,2.11,0.21,-9.08,55575345768.8,SAÚDE
HBOR3,8.31,0.0,41.95,0.66,0.26,19.73,5.46,2.72,20.93,39.37,18.44,0.58,1.14,0.51,-0.95,3.12,1.58,0.61,0.98,0.38,0.62,0.22,-5.72,18084245.23,12.51,0.2,-0.33,1112302408.32,CONSUMO CÍCLICO
HBSA3,5.79,0.0,-41.71,2.89,0.77,25.48,13.86,-7.22,21.72,36.19,14.46,1.92,3.01,4.49,-1.03,3.2,-6.92,-1.85,2.65,0.27,0.73,0.26,49.43,28167980.87,2.01,-0.14,0.15,4402615502.97,BENS INDUSTRIAIS
HBTS5,23.15,0.21,144.43,0.72,0.16,68.77,46.38,1.45,4.52,7.14,2.63,0.42,2.1,-1.24,-0.19,0.54,0.5,0.11,7.8,0.22,0.78,0.08,7.42,49675.94,32.2,0.16,-1.42,211444854.05,FINANCEIRO E OUTROS
HETA4,9.34,0.0,-0.03,-0.01,0.4,100.0,-10956.88,-10958.54,-0.03,-1.91,-1.89,-0.5848085027413377,3.03,-0.08,-0.46,0.02,-31.0,-1459.9,74.65,-47.1,48.1,0.13,-2.24,21257.69,-1088.28,-337.35,0.0,3850905.32,CONSUMO CÍCLICO
HGTX3,15.5,2.84,7.35,1.55,1.08,39.09,7.56,31.95,31.04,28.86,-2.17,-0.11,2.35,3.17,-2.76,2.25,21.14,14.65,0.15,0.69,0.31,0.46,-7.54,37219937.87,9.98,2.11,0.12,2519276023.5,CONSUMO CÍCLICO
HOOT4,2.56,0.0,-0.27,-0.11,0.1,54.47,-284.86,-318.57,-0.31,-0.11,0.02,0.008363045302013422,0.87,-0.08,-0.11,0.05,-40.98,-36.82,35.21,-0.9,1.95,0.12,-11.72,5897.1,-22.84,-9.36,0.0,20209904.64,CONSUMO CÍCLICO
HYPE3,32.2,3.69,15.75,2.21,1.18,64.3,32.26,31.67,15.46,16.05,0.58,0.08,4.99,3.87,-2.18,3.01,14.02,7.51,8.41,0.54,0.46,0.24,6.7,118328395.97,14.59,2.04,1.4,20396150500.6,SAÚDE
IGBR3,12.29,0.0,-1.69,-0.17,0.8,80.85,-655.78,-1542.07,-3.96,-27.28,-23.32,-0.9787566628995034,26.0,-2.05,-0.87,0.15,-9.87,-47.71,198.41,-4.83,5.83,0.03,-8.75,2515582.18,-73.87,-7.29,-0.06,153686032.14,FINANCEIRO E OUTROS
IGTA3,36.13,0.57,31.55,2.03,0.93,59.26,53.14,29.94,17.77,23.02,5.25,0.6,9.45,6.16,-1.26,2.33,6.42,2.95,4.39,0.46,0.54,0.1,1.21,77074717.82,17.83,1.15,-0.91,6380976313.14,FINANCEIRO E OUTROS
INEP3,34.0,0.0,-0.66,-0.13,0.2,19.54,-4232.6,-5843.94,-0.91,-3.25,-2.38,-0.33895225109860244,38.32,-0.14,-0.24,0.1,-19.63,-30.72,21.52,-1.57,2.57,0.01,-53.72,692090.9,-264.21,-51.86,0.96,265631571.2,BENS INDUSTRIAIS
INEP4,29.65,0.0,-0.57,-0.11,0.18,19.54,-4232.6,-5843.94,-0.79,-3.25,-2.38,-0.33895225109860244,33.41,-0.12,-0.21,0.1,-19.63,-30.72,21.52,-1.57,2.57,0.01,-53.72,1027909.26,-264.21,-51.86,0.84,265631571.2,BENS INDUSTRIAIS
IRBR3,6.08,2.17,-5.07,1.81,0.34,-18.47,-21.42,-17.94,-4.24,-4.24,0.0,0.0,0.91,-5.49,-1.06,0.92,-35.74,-6.7,0.0,0.19,0.81,0.37,17.75,206179631.13,3.36,-1.2,0.02,7708773218.56,FINANCEIRO E OUTROS
ITSA3,11.34,2.27,13.52,1.57,1.31,31.5,131.36,120.0,12.35,11.79,0.17,0.02,16.22,22.21,-1.48,2.15,11.64,9.72,11.36,0.84,0.16,0.08,3.78,2179050.44,7.21,0.84,-0.43,89747244603.0,FINANCEIRO E OUTROS
ITSA4,10.32,2.49,12.3,1.43,1.2,31.5,131.36,120.0,11.24,11.79,0.17,0.02,14.76,20.21,-1.34,2.15,11.64,9.72,11.36,0.84,0.16,0.08,3.78,358341026.95,7.21,0.84,-0.39,89747244603.0,FINANCEIRO E OUTROS
ITUB3,24.96,2.18,12.95,1.58,0.12,57.67,3.01,10.87,46.79,49.66,0.0,0.0,1.41,0.0,-0.12,0.0,12.23,0.94,0.0,0.08,0.92,0.09,6.04,18163942.1,15.76,1.93,-0.43,259733337751.98,FINANCEIRO E OUTROS
ITUB4,28.06,1.94,14.56,1.78,0.14,57.67,3.01,10.87,52.6,49.66,0.0,0.0,1.58,0.0,-0.14,0.0,12.23,0.94,0.0,0.08,0.92,0.09,6.04,1208394953.38,15.76,1.93,-0.48,259733337751.98,FINANCEIRO E OUTROS
JBDU3,2.43,0.0,-2.83,0.19,0.06,0.0,0.0,0.0,-3.16,-4.07,-1.48,0.09,0.0,-0.37,-0.06,0.0,-6.76,-2.26,-5.56,0.33,0.67,0.0,0.0,117427.95,12.7,-0.86,0.04,9988138.53,FINANCEIRO E OUTROS
JBDU4,1.77,0.0,-2.06,0.14,0.05,0.0,0.0,0.0,-2.3,-4.07,-1.48,0.09,0.0,-0.27,-0.05,0.0,-6.76,-2.26,-5.56,0.33,0.67,0.0,0.0,183348.9,12.7,-0.86,0.03,9988138.53,FINANCEIRO E OUTROS
JBSS3,29.45,1.84,16.08,1.7,0.45,16.73,7.59,1.7,3.61,5.86,2.25,1.06,0.27,3.75,-0.72,1.48,10.56,2.81,15.44,0.27,0.73,1.65,10.65,394933979.05,17.34,1.83,-0.66,73952948426.5,CONSUMO NÃO CÍCLICO
JFEN3,4.33,0.0,-0.95,-1.6,0.35,-49.78,-182.1,-237.31,-1.24,-2.81,-1.57,-2.0263130115343744,2.26,-20.97,-2.4,0.98,-168.26,-36.67,-193.8,-0.22,1.3,0.15,-26.22,55586.0,-2.7,-4.55,0.08,455532518.95,CONSUMO CÍCLICO
JHSF3,6.73,2.17,7.2,1.21,0.64,69.23,69.73,54.99,5.68,6.33,0.64,0.14,3.96,5.93,-0.86,1.72,16.82,8.84,13.05,0.53,0.47,0.16,13.16,54702158.1,5.55,0.93,0.07,4637133895.69,CONSUMO CÍCLICO
JOPA3,32.6,0.88,10.84,0.49,0.17,27.37,7.51,2.03,2.94,7.01,4.04,0.68,0.22,0.59,-0.5,1.76,4.56,1.57,3.94,0.34,0.66,0.77,8.16,52574.96,65.93,3.01,0.05,348584451.8,CONSUMO NÃO CÍCLICO
JOPA4,60.0,0.53,19.95,0.91,0.31,27.37,7.51,2.03,5.41,7.01,4.04,0.68,0.41,1.09,-0.93,1.76,4.56,1.57,3.94,0.34,0.66,0.77,8.16,27193.75,65.93,3.01,0.1,348584451.8,CONSUMO NÃO CÍCLICO
JPSA3,25.4,0.54,29.18,0.7,0.32,59.31,49.4,11.31,6.68,12.54,5.87,0.62,3.3,2.1,-0.43,2.33,2.41,1.09,3.93,0.45,0.55,0.1,1.23,5322371.41,36.11,0.87,-0.72,2232385019.6,FINANCEIRO E OUTROS
JSLG3,8.15,0.68,12.64,2.14,0.47,10.67,6.91,6.39,11.68,21.31,9.63,1.77,0.81,2.39,-0.78,2.01,16.95,3.73,4.59,0.22,0.78,0.58,-13.95,4793840.64,3.8,0.65,-0.63,2281927285.7,BENS INDUSTRIAIS
KEPL3,43.96,1.24,17.1,2.23,1.22,24.21,11.98,10.08,14.38,11.1,-3.29,-0.51,1.72,7.53,-2.9,1.39,13.07,7.13,11.01,0.55,0.45,0.71,-1.0,13352477.82,19.67,2.57,0.21,1156674245.16,BENS INDUSTRIAIS
KLBN11,28.63,0.0,-12.93,7.34,0.91,39.52,26.9,-20.82,10.01,16.16,6.15,4.51,2.69,4.49,-1.31,2.98,-56.74,-7.05,5.83,0.12,0.88,0.34,16.01,287393268.36,3.9,-2.21,0.03,32168053920.86,MATERIAIS BÁSICOS
KLBN3,5.9,0.0,-13.32,7.56,0.94,39.52,26.9,-20.82,10.31,16.16,6.15,4.51,2.77,4.62,-1.35,2.98,-56.74,-7.05,5.83,0.12,0.88,0.34,16.01,2355661.79,0.78,-0.44,0.03,32168053920.86,MATERIAIS BÁSICOS
KLBN4,5.68,0.0,-12.83,7.28,0.9,39.52,26.9,-20.82,9.93,16.16,6.15,4.51,2.67,4.45,-1.3,2.98,-56.74,-7.05,5.83,0.12,0.88,0.34,16.01,12491362.23,0.78,-0.44,0.03,32168053920.86,MATERIAIS BÁSICOS
LAME3,20.26,1.06,96.94,2.41,0.8,33.48,6.74,1.85,26.6,28.05,0.26,0.02,1.79,1.96,-2.37,2.61,2.48,0.83,3.77,0.33,0.67,0.45,3.5,51015360.38,8.42,0.21,-2.2,39899662255.7,CONSUMO CÍCLICO
LAME4,21.65,0.99,103.59,2.57,0.86,33.48,6.74,1.85,28.43,28.05,0.26,0.02,1.92,2.1,-2.53,2.61,2.48,0.83,3.77,0.33,0.67,0.45,3.5,327935594.0,8.42,0.21,-2.35,39899662255.7,CONSUMO CÍCLICO
LAVV3,7.39,0.0,16.96,1.22,0.94,41.67,33.06,26.01,13.35,6.09,-7.26,-0.66,4.41,1.44,-5.37,4.77,7.19,5.52,8.2,0.77,0.23,0.21,85.5,10214983.62,6.06,0.44,0.15,1586105738.28,CONSUMO CÍCLICO
LCAM3,23.44,1.96,30.92,2.85,0.82,24.87,13.89,6.9,15.35,19.76,4.41,0.82,2.13,9.84,-1.23,1.34,9.21,2.67,5.88,0.29,0.71,0.39,51.17,73834997.95,8.23,0.76,2.2,11924617393.84,CONSUMO CÍCLICO
LEVE3,22.0,2.5,22.67,2.1,1.01,26.09,8.06,5.18,14.58,14.37,-0.21,-0.03,1.17,5.02,-2.32,1.55,9.28,4.45,9.37,0.48,0.52,0.86,-0.25,7183400.97,10.46,0.97,-0.44,2822787000.0,CONSUMO CÍCLICO
LIGT3,19.16,0.0,10.32,1.01,0.27,24.44,13.62,5.29,4.01,7.71,3.7,0.93,0.55,9.43,-0.39,1.1,9.78,2.62,8.51,0.27,0.73,0.5,3.68,58889879.13,18.99,1.86,-0.22,7138160007.84,UTILIDADE PÚBLICA
LINX3,37.62,0.3,-1496.34,4.23,2.64,66.79,3.94,-0.55,209.05,201.95,-7.11,-0.14,8.24,10.37,-4.87,2.26,-0.28,-0.18,0.81,0.62,0.38,0.32,16.4,46632715.59,8.89,-0.03,13.58,7125565075.2,TECNOLOGIA DA INFORMAÇÃO
LIPR3,69.8,0.0,18.14,4.03,3.31,0.0,0.0,0.0,19.3,17.12,-2.18,-0.45,0.0,11.87,-5.67,3.01,22.22,18.22,20.89,0.82,0.18,0.0,0.0,73620.46,17.31,3.85,-0.01,821189252.2,UTILIDADE PÚBLICA
LJQQ3,15.37,0.44,42.42,6.01,1.3,41.32,9.47,4.19,18.75,17.89,-0.85,-0.27,1.78,4.6,-4.67,1.64,14.16,3.06,14.38,0.22,0.78,0.73,20.6,37259282.05,2.56,0.36,0.34,2878651434.53,CONSUMO CÍCLICO
LLIS3,4.1,0.0,-0.64,0.45,0.11,31.9,-172.04,-68.62,-0.26,-1.67,-1.42,2.52,0.44,0.87,-0.15,2.16,-70.98,-17.67,-75.3,0.25,0.75,0.26,4.5,284786.9,9.02,-6.4,0.0,282288398.9,CONSUMO CÍCLICO
LOGG3,29.76,1.81,21.72,0.99,0.72,98.8,177.16,98.89,12.12,13.51,1.38,0.11,21.48,6.71,-0.89,2.37,4.54,3.32,4.06,0.73,0.27,0.03,8.78,13707788.18,30.15,1.37,0.39,3040256423.04,FINANCEIRO E OUTROS
LOGN3,15.16,0.0,123.48,4.52,0.72,20.68,17.12,1.15,8.3,11.83,3.53,1.92,1.42,2.49,-1.39,2.54,3.66,0.59,9.07,0.16,0.84,0.51,4.71,11989043.69,3.36,0.12,7.54,1599216135.56,BENS INDUSTRIAIS
LPSB3,3.53,0.0,-35.25,3.15,1.38,85.78,17.86,-9.39,18.52,13.66,-4.86,-0.83,3.31,4.55,-2.59,2.9,-8.93,-3.93,7.51,0.44,0.57,0.42,-13.72,4141327.08,1.12,-0.1,1.69,520867847.43,FINANCEIRO E OUTROS
LREN3,41.49,0.78,30.13,6.0,2.26,57.23,11.37,14.54,38.55,39.38,0.83,0.13,4.38,10.12,-5.75,1.58,19.93,7.49,8.47,0.38,0.62,0.51,4.17,378496736.69,6.91,1.38,-117.27,33033102012.9,CONSUMO CÍCLICO
LUPA3,8.05,0.0,10.44,1.53,0.44,22.81,10.91,37.7,36.06,53.75,17.69,0.75,3.94,1.79,-0.73,2.55,14.68,4.18,0.89,0.28,0.72,0.11,-27.27,9448081.08,5.25,0.77,-0.06,214811335.9,PETRÓLEO. GÁS E BIOCOMBUSTÍVEIS
LUXM4,67.5,6.92,41.66,3.72,2.29,24.63,12.85,8.05,26.11,14.82,0.26,0.04,3.35,19.87,-3.04,1.86,8.93,5.49,7.94,0.61,0.39,0.68,7.04,27773.22,18.14,1.62,-1.19,195615000.0,BENS INDUSTRIAIS
LWSA3,21.49,0.15,637.36,18.67,8.66,42.06,9.05,4.04,284.74,278.6,-6.14,-0.4,25.77,35.26,-19.51,1.79,2.93,1.36,4.13,0.46,0.54,0.34,24.5,270089064.31,1.15,0.03,69.01,12581573480.28,TECNOLOGIA DA INFORMAÇÃO
MAPT3,50.01,0.0,-264.1,-8.02,59.45,0.0,0.0,0.0,-267.17,-267.15,0.0,-0.0,0.0,-11488.48,-59.45,0.0,-3.04,-22.51,3.0,-7.41,8.41,0.0,0.0,5001.0,-6.23,-0.19,-30.18,45949294.55,FINANCEIRO E OUTROS
MAPT4,50.0,0.0,-264.05,-8.02,59.44,0.0,0.0,0.0,-267.12,-267.15,0.0,-0.0,0.0,-11486.19,-59.44,0.0,-3.04,-22.51,3.0,-7.41,8.41,0.0,0.0,5000.0,-6.23,-0.19,-30.18,45949294.55,FINANCEIRO E OUTROS
MDIA3,31.05,1.47,12.84,1.62,1.09,34.96,11.29,11.31,12.87,13.27,0.4,0.05,1.45,5.93,-1.85,1.8,12.6,8.47,9.31,0.67,0.33,0.75,5.91,32745093.21,19.18,2.42,0.14,10525950000.0,CONSUMO NÃO CÍCLICO
MDNE3,8.39,0.0,-7.12,0.71,0.34,27.07,-14.09,-19.5,-9.85,-10.79,-0.94,0.07,1.39,1.53,-0.6,2.12,-10.01,-4.82,-7.37,0.48,0.52,0.25,-8.09,2712095.9,11.78,-1.18,-1.81,712389656.25,CONSUMO CÍCLICO
MEAL3,3.46,0.0,-2.16,0.79,0.37,25.41,-42.12,-37.35,-1.91,-1.99,-0.07,0.03,0.81,3.17,-0.51,1.76,-36.63,-17.11,-34.91,0.47,0.53,0.46,29.56,24365756.31,4.38,-1.6,0.0,990838573.8,CONSUMO CÍCLICO
MELK3,5.3,0.0,25.93,0.92,0.62,22.37,9.4,7.31,20.16,8.78,-11.38,-0.52,1.9,1.02,-5.42,3.15,3.55,2.37,3.28,0.67,0.33,0.32,3.3,4480167.59,5.76,0.2,-4.0,1102237507.3,CONSUMO CÍCLICO
MERC3,28.02,0.0,57.64,2.04,1.67,79.12,22.22,15.28,39.63,28.84,0.0,0.0,8.81,5.46,-2.75,4.63,3.54,2.9,0.0,0.82,0.18,0.19,-30.32,22151.83,13.75,0.49,-1.12,367216065.75,FINANCEIRO E OUTROS
MERC4,10.47,0.0,21.54,0.76,0.63,79.12,22.22,15.28,14.81,28.84,0.0,0.0,3.29,2.04,-1.03,4.63,3.54,2.9,0.0,0.82,0.18,0.19,-30.32,8837.33,13.75,0.49,-0.42,367216065.75,FINANCEIRO E OUTROS
MGEL4,8.5,0.0,-1.59,-0.12,0.12,14.76,14.38,-5.67,0.63,11.12,8.47,-1.660916142134006,0.09,0.31,-0.31,3.06,-7.73,-7.78,23.17,-1.01,2.01,1.37,5.03,156017.13,-69.31,-5.36,0.0,208024926.55,MATERIAIS BÁSICOS
MGLU3,19.65,0.25,326.02,17.43,5.18,25.77,2.83,1.34,154.87,153.4,-1.48,-0.17,4.38,37.75,-16.27,1.25,5.35,1.59,8.9,0.3,0.7,1.18,26.58,941726192.13,1.13,0.06,-5.67,127703912563.2,CONSUMO CÍCLICO
MILS3,6.65,0.0,-352.96,1.53,1.14,39.39,2.67,-0.94,123.8,115.31,-8.49,-0.1,3.31,4.11,-1.81,3.84,-0.43,-0.32,0.45,0.74,0.26,0.34,-2.55,9335218.49,4.36,-0.02,3.95,1675508929.5,BENS INDUSTRIAIS
MMXM3,26.9,0.0,-1.53,-0.21,1.35,-2.34,-4304.3,-44701.56,-15.84,-40.07,-24.23,-0.3201887844750556,681.77,-0.2,-1.62,0.02,-13.73,-88.53,2.71,-6.45,7.46,0.0,-67.19,5577788.23,-128.5,-17.64,0.06,174532122.7,MATERIAIS BÁSICOS
MNDL3,21.5,0.0,-5.95,-0.35,0.05,33.68,9.39,-1.74,1.1,5.01,3.91,-1.235138195312551,0.1,-0.09,-0.07,0.34,-5.87,-0.81,91.13,-0.14,1.14,0.46,4.94,44038.5,-61.6,-3.61,0.44,53325590.0,CONSUMO CÍCLICO
MNPR3,10.4,0.0,-5.16,-0.2,0.31,29.39,14.0,-5.83,2.15,2.15,0.01,-0.0006920903571457651,0.3,-0.19,-0.54,0.21,-3.89,-6.02,-9.28,-1.55,2.55,1.03,4.71,394495.64,-51.89,-2.02,0.07,73841040.0,CONSUMO NÃO CÍCLICO
MOAR3,249.99,3.82,-40.6,3.44,2.1,0.39,-120.05,-68.06,-23.02,-21.23,1.79,-0.27,27.63,6.77,-3.58,3.95,-8.48,-5.16,-16.5,0.61,0.39,0.08,-25.48,492263.82,72.63,-6.16,0.23,3062682737.79,FINANCEIRO E OUTROS
MOVI3,16.22,0.91,44.47,2.06,0.57,21.19,7.45,2.67,15.93,24.85,8.92,1.15,1.19,-71.27,-0.79,0.97,4.62,1.28,4.05,0.28,0.72,0.48,27.48,36612681.77,7.89,0.36,-0.85,4848498847.08,CONSUMO CÍCLICO
MRFG3,17.55,0.0,3.78,3.55,0.32,17.37,11.64,4.89,1.59,3.59,2.0,4.48,0.19,2.74,-0.59,1.33,93.96,8.36,23.4,0.09,0.91,1.71,28.12,171459122.59,4.94,4.64,0.0,12484541973.15,CONSUMO NÃO CÍCLICO
MRSA3B,51.09,0.66,40.37,4.03,1.56,30.16,26.71,11.94,18.04,14.47,1.85,0.41,4.82,-65.21,-1.87,0.88,9.98,3.87,10.23,0.39,0.61,0.32,2.59,14503.17,12.68,1.27,-2.78,12151727759.67,BENS INDUSTRIAIS
MRSA5B,16.68,2.22,13.18,1.32,0.51,30.16,26.71,11.94,5.89,14.47,1.85,0.41,1.57,-21.29,-0.61,0.88,9.98,3.87,10.23,0.39,0.61,0.32,2.59,9900.0,12.68,1.27,-0.91,12151727759.67,BENS INDUSTRIAIS
MRSA6B,29.62,1.25,23.41,2.34,0.9,30.16,26.71,11.94,10.46,14.47,1.85,0.41,2.79,-37.8,-1.09,0.88,9.98,3.87,10.23,0.39,0.61,0.32,2.59,5801.0,12.68,1.27,-1.61,12151727759.67,BENS INDUSTRIAIS
MRVE3,17.32,3.16,15.2,1.39,0.46,28.2,10.74,8.28,11.72,16.72,5.0,0.59,1.26,1.69,-0.88,2.37,9.12,3.05,5.37,0.33,0.67,0.37,6.89,71784990.77,12.5,1.14,-0.75,8363395571.56,CONSUMO CÍCLICO
MSPA3,48.0,0.0,-5.03,0.37,0.22,24.01,-56.68,-59.76,-5.3,-6.17,-0.79,0.05,3.0,4.99,-0.23,2.35,-7.31,-4.31,-6.43,0.59,0.41,0.07,-14.68,4810.0,130.66,-9.55,-0.01,312225541.76,CONSUMO CÍCLICO
MSPA4,54.19,0.0,-5.67,0.41,0.24,24.01,-56.68,-59.76,-5.98,-6.17,-0.79,0.05,3.39,5.64,-0.26,2.35,-7.31,-4.31,-6.43,0.59,0.41,0.07,-14.68,16486.0,130.66,-9.55,-0.01,312225541.76,CONSUMO CÍCLICO
MTIG4,51.0,0.0,1.04,0.44,0.09,11.76,-5.17,9.69,-1.95,-12.19,-10.89,2.47,0.1,-0.62,-0.14,0.72,42.51,8.44,-48.15,0.2,0.8,0.87,10.03,14580.92,115.27,49.0,0.0,8205696.0,MATERIAIS BÁSICOS
MTRE3,12.12,0.0,26.54,1.27,0.97,33.98,9.26,11.75,33.68,14.74,-18.94,-0.72,3.12,1.47,-5.38,5.09,4.8,3.66,2.87,0.76,0.24,0.31,65.4,10076748.74,9.52,0.46,0.52,1281990818.4,CONSUMO CÍCLICO
MTSA4,31.0,2.44,4.95,1.02,0.8,30.21,19.11,15.56,4.03,3.13,-1.11,-0.28,0.77,1.42,-3.1,4.09,20.5,16.06,14.6,0.78,0.22,1.03,10.62,161299.65,30.53,6.26,0.02,297619880.3,BENS INDUSTRIAIS
MULT3,23.52,1.93,14.65,2.27,1.34,74.59,106.0,89.15,12.32,13.98,1.66,0.3,13.06,16.83,-1.62,1.84,15.47,9.13,11.12,0.59,0.41,0.1,0.31,195693448.31,10.38,1.6,0.14,14129895780.0,FINANCEIRO E OUTROS
MWET3,37.0,0.0,3.06,-0.41,0.41,11.17,31.9,17.01,1.63,1.69,0.97,-0.2458396245441711,0.52,-0.99,-0.55,0.37,-13.44,13.53,-27.44,-1.01,2.01,0.8,-0.73,47376.07,-89.91,12.09,-0.02,33806129.28,BENS INDUSTRIAIS
MWET4,6.14,0.0,0.51,-0.07,0.07,11.17,31.9,17.01,0.27,1.69,0.97,-0.2458396245441711,0.09,-0.16,-0.09,0.37,-13.44,13.53,-27.44,-1.01,2.01,0.8,-0.73,75974.05,-89.91,12.09,0.0,33806129.28,BENS INDUSTRIAIS
MYPK3,11.7,0.0,-3.66,0.47,0.14,6.45,-2.11,-5.61,-9.74,-28.76,-19.03,0.92,0.21,2.22,-0.25,1.19,-12.93,-3.96,-2.09,0.31,0.69,0.71,5.05,24726842.08,24.74,-3.2,0.01,1798519331.7,CONSUMO CÍCLICO
NEOE3,16.5,2.72,7.13,0.93,0.3,23.05,15.25,8.78,4.11,8.47,4.37,0.99,0.63,6.73,-0.39,1.25,13.06,4.24,8.22,0.32,0.68,0.48,16.97,34485275.13,17.72,2.31,0.27,20027654592.0,UTILIDADE PÚBLICA
NORD3,20.41,0.0,-199.62,-0.97,7.85,90.77,121.22,-41.64,68.57,87.47,18.9,-0.26615132918491424,83.11,-2.89,-8.41,0.02,-0.48,-3.93,-1.92,-8.13,9.13,0.09,42.7,84934.43,-21.14,-0.1,-1.9,135144529.26,BENS INDUSTRIAIS
NTCO3,48.42,0.0,-102.46,2.43,1.09,64.17,2.14,-1.76,84.37,91.31,6.94,0.2,1.8,25.87,-1.58,1.16,-2.37,-1.07,1.25,0.45,0.55,0.61,36.13,363419827.67,19.91,-0.47,0.2,66617170699.68,CONSUMO NÃO CÍCLICO
NUTR3,279.99,0.0,0.87,2.22,0.51,21.89,4.6,59.67,11.22,13.49,2.27,0.45,0.52,1.73,-1.21,2.07,256.1,59.42,-36.05,0.23,0.77,1.0,7.39,26999.5,126.37,323.63,0.0,35823040.56,MATERIAIS BÁSICOS
ODER4,190.0,0.13,18.05,7.54,3.66,34.98,25.92,20.6,14.34,14.91,0.56,0.3,3.72,9.39,-14.73,2.08,41.79,20.28,25.66,0.49,0.51,0.98,8.36,37500.0,25.19,10.52,0.04,2144550140.0,CONSUMO NÃO CÍCLICO
ODPV3,13.09,3.85,19.26,5.76,3.62,59.6,29.17,20.46,13.51,12.08,-1.43,-0.61,3.94,15.64,-7.47,1.81,29.93,18.8,29.39,0.63,0.37,0.92,7.15,24920233.54,2.27,0.68,0.72,6954648827.28,SAÚDE
OFSA3,29.9,1.47,17.98,2.88,1.46,51.22,13.99,12.29,15.8,17.27,1.48,0.27,2.21,3.66,-3.8,2.85,16.0,8.13,10.26,0.51,0.49,0.66,6.45,611963.26,10.4,1.66,0.19,1613075279.4,SAÚDE
OIBR3,1.89,0.0,-1.07,1.45,0.15,21.68,-19.51,-113.42,-6.21,-18.44,-12.17,2.84,1.21,0.71,-0.28,1.88,-135.52,-14.26,-15.72,0.11,0.89,0.13,-19.43,251934641.36,1.3,-1.77,-0.06,11351238341.31,COMUNICAÇÕES
OIBR4,2.51,0.0,-1.42,1.92,0.2,21.68,-19.51,-113.42,-8.25,-18.44,-12.17,2.84,1.61,0.95,-0.37,1.88,-135.52,-14.26,-15.72,0.11,0.89,0.13,-19.43,11279277.87,1.3,-1.77,-0.08,11351238341.31,COMUNICAÇÕES
OMGE3,37.37,0.0,148.44,1.91,0.69,36.92,47.53,4.48,13.98,23.8,9.81,1.34,6.65,10.35,-0.79,2.16,1.28,0.47,4.79,0.36,0.64,0.1,50.4,48249157.15,19.61,0.25,1.81,7325870215.47,UTILIDADE PÚBLICA
OSXB3,16.82,0.0,-0.11,-0.01,0.03,95.46,-1867.5,-4687.45,-0.27,-22.94,-22.67,-0.9249040396705189,5.03,-0.11,-0.03,0.03,-10.24,-24.71,61.12,-2.41,3.42,0.01,-56.03,1235612.49,-1531.02,-156.78,0.0,52949999.16,PETRÓLEO. GÁS E BIOCOMBUSTÍVEIS
PARD3,20.29,1.42,21.0,3.62,1.35,27.11,13.4,8.47,13.27,14.03,0.76,0.21,1.78,8.8,-2.33,1.57,17.23,6.43,14.1,0.37,0.63,0.76,14.12,10553729.31,5.61,0.97,-1.05,2657555692.55,SAÚDE
PATI3,44.0,0.41,4.4,1.33,0.59,17.5,16.43,12.71,3.41,3.31,-0.14,-0.05,0.56,1.17,-3.13,2.6,30.18,13.32,14.13,0.44,0.56,1.05,17.73,37721.73,33.09,9.99,0.0,812479525.0,MATERIAIS BÁSICOS
PATI4,55.0,5.09,5.51,1.66,0.73,17.5,16.43,12.71,4.26,3.31,-0.14,-0.05,0.7,1.47,-3.91,2.6,30.18,13.32,14.13,0.44,0.56,1.05,17.73,38051.08,33.09,9.99,0.01,812479525.0,MATERIAIS BÁSICOS
PCAR3,33.64,1.73,4.14,0.54,0.17,26.83,5.13,4.25,3.43,3.6,0.17,0.03,0.18,-10.72,-0.25,0.95,12.96,4.09,7.58,0.32,0.68,0.96,6.62,295344223.95,62.63,8.12,0.02,9027346713.88,CONSUMO NÃO CÍCLICO
PDGR3,5.62,0.0,-0.06,-0.01,0.03,13.07,-197.94,-390.22,-0.11,-3.97,-3.86,-0.29535947979259997,0.22,-0.02,-0.11,0.36,-15.08,-45.05,12.14,-2.99,4.02,0.12,-41.16,1793215.15,-667.99,-100.7,-0.01,45336287.1,CONSUMO CÍCLICO
PEAB3,61.7,52.05,1.71,1.41,0.9,30.66,392.4,256.85,1.12,0.89,-0.3,-0.38,4.38,2.73,-2.42,2.08,82.34,52.47,81.43,0.64,0.36,0.2,-8.83,15874.29,43.91,36.15,0.0,846190806.3,FINANCEIRO E OUTROS
PEAB4,70.0,50.47,1.94,1.59,1.02,30.66,392.4,256.85,1.27,0.89,-0.3,-0.38,4.97,3.1,-2.75,2.08,82.34,52.47,81.43,0.64,0.36,0.2,-8.83,12944.88,43.91,36.15,0.0,846190806.3,FINANCEIRO E OUTROS
PETR3,23.65,1.01,43.4,0.99,0.31,45.56,18.24,2.61,6.22,12.85,6.62,1.06,1.13,51.11,-0.37,1.04,2.28,0.72,6.17,0.32,0.68,0.28,-3.29,846897423.62,23.85,0.54,-0.53,309398679240.58,PETRÓLEO. GÁS E BIOCOMBUSTÍVEIS
PETR4,23.81,0.0,43.7,1.0,0.31,45.56,18.24,2.61,6.26,12.85,6.62,1.06,1.14,51.46,-0.37,1.04,2.28,0.72,6.17,0.32,0.68,0.28,-3.29,2643075945.62,23.85,0.54,-0.53,309398679240.58,PETRÓLEO. GÁS E BIOCOMBUSTÍVEIS
PETZ3,19.24,0.17,129.83,14.73,4.0,48.27,8.64,4.06,61.08,61.15,0.07,0.02,5.28,32.68,-7.53,1.35,11.34,3.08,11.13,0.27,0.73,0.76,45.7,80116846.74,1.31,0.15,0.88,7580390649.52,CONSUMO CÍCLICO
PFRM3,5.79,0.0,13.7,0.5,0.19,13.93,2.2,0.95,5.94,7.84,1.9,0.16,0.13,0.76,-0.56,1.61,3.65,1.39,4.52,0.38,0.62,1.46,9.61,3666444.62,11.59,0.42,0.04,716875955.67,SAÚDE
PGMN3,9.05,0.0,41.82,2.07,0.7,30.92,4.69,1.4,12.48,13.28,0.8,0.13,0.59,3.19,-1.54,1.67,4.95,1.67,10.44,0.34,0.66,1.19,8.17,7329322.59,4.37,0.22,-0.03,4016218611.1,SAÚDE
PINE4,2.28,0.0,-5.31,0.43,0.02,21.25,-18.97,-9.65,-2.7,-1.32,0.0,0.0,0.51,-0.2,-0.03,0.65,-8.03,-0.46,0.0,0.06,0.94,0.05,-7.4,478638.33,5.35,-0.43,0.12,165482222.16,FINANCEIRO E OUTROS
PLAS3,4.88,0.0,-0.52,-0.32,0.1,-1.27,-22.66,-31.69,-0.72,-2.52,-1.79,-0.7933155758498224,0.16,-0.57,-0.14,0.61,-61.84,-19.34,1554.27,-0.31,1.31,0.61,-5.14,82799.69,-15.23,-9.42,0.0,60636039.84,CONSUMO CÍCLICO
PLPL3,6.33,0.0,9.78,5.62,1.34,36.81,16.71,14.67,8.59,9.16,0.57,0.38,1.44,1.72,-23.12,5.92,57.44,13.75,25.06,0.24,0.76,0.94,0.0,3139988.44,1.13,0.65,0.33,1292940480.0,CONSUMO CÍCLICO
PMAM3,9.02,0.0,-0.45,-1.97,0.1,2.99,-5.35,-20.07,-1.7,-13.54,-11.84,-13.701646608590563,0.09,-0.19,-0.18,0.47,-433.86,-21.37,-8.87,-0.05,1.05,1.06,-4.39,1164101.31,-4.58,-19.85,0.0,391502717.98,MATERIAIS BÁSICOS
PNVL3,18.51,0.73,49.94,2.77,1.28,29.22,3.27,1.99,30.42,32.65,2.36,0.21,0.99,4.01,-3.43,2.03,5.56,2.56,5.37,0.46,0.54,1.28,7.26,16246233.31,6.67,0.37,-1.86,2792169468.6,SAÚDE
PNVL4,17.64,0.85,47.59,2.64,1.22,29.22,3.27,1.99,28.99,32.65,2.36,0.21,0.95,3.82,-3.27,2.03,5.56,2.56,5.37,0.46,0.54,1.28,7.26,256225.18,6.67,0.37,-1.77,2792169468.6,SAÚDE
POMO3,2.49,0.8,22.7,0.9,0.4,16.59,4.8,2.89,13.67,20.2,5.72,0.38,0.66,1.62,-0.88,1.85,3.98,1.77,2.81,0.44,0.56,0.61,5.56,747588.92,2.75,0.11,-0.47,2496974717.92,BENS INDUSTRIAIS
POMO4,2.72,0.74,24.8,0.99,0.44,16.59,4.8,2.89,14.93,20.2,5.72,0.38,0.72,1.77,-0.96,1.85,3.98,1.77,2.81,0.44,0.56,0.61,5.56,25910122.74,2.75,0.11,-0.51,2496974717.92,BENS INDUSTRIAIS
POSI3,6.49,0.49,4.82,0.89,0.33,20.47,12.67,8.71,3.31,4.1,0.79,0.21,0.42,1.1,-1.5,1.61,18.48,6.76,11.2,0.37,0.63,0.78,3.53,17171979.97,7.29,1.35,0.0,920282000.0,TECNOLOGIA DA INFORMAÇÃO
PRIO3,94.4,0.0,36.63,5.26,2.44,32.42,49.51,23.78,17.59,19.4,1.81,0.54,8.71,-53.83,-3.35,0.86,14.37,6.67,16.03,0.46,0.54,0.28,49.72,642678891.28,17.94,2.58,-1.27,16582886353.6,PETRÓLEO. GÁS E BIOCOMBUSTÍVEIS
PRNR3,7.31,0.0,-13.81,1.34,0.86,11.33,-0.68,-7.83,-158.37,-122.46,35.91,-0.3,1.08,1.84,-2.67,3.26,-9.73,-6.25,-6.06,0.64,0.36,0.8,-7.9,971348.13,5.44,-0.53,0.02,283325482.96,BENS INDUSTRIAIS
PSSA3,46.82,4.57,8.97,1.69,0.41,100.0,9.04,9.07,8.99,2.76,-6.22,-1.17,0.81,3.5,-1.31,1.21,18.83,4.6,8.56,0.24,0.76,0.51,3.79,53416839.9,27.74,5.22,0.4,15136579664.6,FINANCEIRO E OUTROS
PTBL3,8.74,1.73,10.54,3.24,0.66,34.57,8.68,9.63,11.69,15.16,3.47,0.96,1.01,7.67,-1.21,1.24,30.73,6.3,6.37,0.21,0.79,0.65,4.66,34796846.03,2.7,0.83,0.01,1350586615.14,BENS INDUSTRIAIS
PTNT3,11.26,0.0,28.46,1.79,0.77,14.3,6.27,3.39,15.38,12.64,3.26,0.38,0.96,8.6,-1.46,1.24,6.28,2.71,6.34,0.43,0.57,0.8,1.6,219839.15,6.3,0.4,-0.9,330248923.76,CONSUMO CÍCLICO
PTNT4,4.68,0.0,11.83,0.74,0.32,14.3,6.27,3.39,6.39,12.64,3.26,0.38,0.4,3.57,-0.61,1.24,6.28,2.71,6.34,0.43,0.57,0.8,1.6,152747.38,6.3,0.4,-0.37,330248923.76,CONSUMO CÍCLICO
QUAL3,30.75,0.95,22.2,4.92,2.25,81.03,29.11,19.36,14.76,15.36,0.6,0.2,4.3,9.79,-3.74,2.36,22.17,10.14,14.8,0.46,0.54,0.52,6.05,104875141.03,6.25,1.39,-3.27,8733440493.75,SAÚDE
RADL3,25.42,0.5,86.68,9.49,3.04,29.36,4.56,2.41,45.84,46.69,0.84,0.17,2.09,18.92,-6.17,1.46,10.95,3.5,13.08,0.32,0.68,1.45,17.66,162412240.56,2.68,0.29,-2.33,41992060600.0,SAÚDE
RAIL3,19.93,0.0,124.35,2.42,0.8,32.22,27.97,4.27,18.97,25.19,6.23,0.79,5.3,6.07,-1.06,2.25,1.94,0.65,5.05,0.33,0.67,0.15,10.92,266747691.56,8.25,0.16,-2.01,36953384704.63,BENS INDUSTRIAIS
RANI3,5.54,1.98,15.33,1.81,0.78,31.6,16.08,9.01,8.59,10.06,1.46,0.31,1.38,2.88,-1.36,2.78,11.8,5.11,10.79,0.43,0.57,0.57,6.3,15717323.87,3.06,0.36,-0.07,1422230101.9,MATERIAIS BÁSICOS
RAPT3,10.9,2.22,5.67,1.41,0.42,25.18,18.92,12.39,3.72,5.54,1.13,0.43,0.7,1.66,-1.03,1.75,24.95,7.4,9.99,0.3,0.7,0.6,11.59,262430.13,7.7,1.92,0.03,4470492781.02,BENS INDUSTRIAIS
RAPT4,13.96,1.73,7.26,1.81,0.54,25.18,18.92,12.39,4.76,5.54,1.13,0.43,0.9,2.13,-1.31,1.75,24.95,7.4,9.99,0.3,0.7,0.6,11.59,41448454.13,7.7,1.92,0.04,4470492781.02,BENS INDUSTRIAIS
RCSL3,8.0,0.0,-444.06,-9.35,13.77,19.77,2.32,-4.79,916.29,421.89,-1.68,0.0,21.27,-107.55,-24.27,0.77,-2.11,-3.1,-1.02,-1.47,2.47,0.65,117.05,13033263.21,-0.86,-0.02,7.34,280405668.72,BENS INDUSTRIAIS
RCSL4,1.53,0.0,-84.93,-1.79,2.63,19.77,2.32,-4.79,175.24,421.89,-1.68,0.01724164591999258,4.07,-20.57,-4.64,0.77,-2.11,-3.1,-1.02,-1.47,2.47,0.65,117.05,2429260.03,-0.86,-0.02,1.4,280405668.72,BENS INDUSTRIAIS
RDNI3,8.29,0.11,72.28,0.58,0.23,26.54,11.61,1.4,8.73,17.54,8.81,0.59,1.01,1.23,-0.37,1.97,0.8,0.32,2.91,0.4,0.6,0.23,-10.68,193945.08,14.29,0.11,-0.52,362851708.32,CONSUMO CÍCLICO
REDE3,9.16,1.02,21.25,3.37,0.89,21.85,16.2,8.05,10.56,13.41,2.84,0.91,1.71,7.57,-1.4,1.48,15.88,4.2,9.8,0.26,0.74,0.52,6.59,89762.11,2.72,0.43,0.76,19330562105.84,UTILIDADE PÚBLICA
RENT3,57.55,0.6,41.64,7.21,2.14,28.12,17.48,10.17,24.23,27.85,3.62,1.08,4.23,34.28,-2.94,1.3,17.32,5.13,8.6,0.3,0.7,0.5,21.28,359176353.1,7.98,1.38,1.62,43649756858.5,CONSUMO CÍCLICO
RNEW11,11.85,0.0,-0.36,-0.12,0.07,53.11,-144.55,-772.8,-1.91,-20.49,-18.59,-1.1891065732112591,2.76,-0.05,-0.08,0.04,-34.21,-19.91,-26.76,-0.58,1.58,0.03,-20.17,204944.33,-97.15,-33.23,0.01,164792909.8,UTILIDADE PÚBLICA
RNEW3,4.35,0.0,-0.39,-0.13,0.08,53.11,-144.55,-772.8,-2.1,-20.49,-18.59,-1.1891065732112591,3.03,-0.06,-0.08,0.04,-34.21,-19.91,-26.76,-0.58,1.58,0.03,-20.17,156460.21,-32.38,-11.08,0.01,164792909.8,UTILIDADE PÚBLICA
RNEW4,3.75,0.0,-0.34,-0.12,0.07,53.11,-144.55,-772.8,-1.81,-20.49,-18.59,-1.1891065732112591,2.62,-0.05,-0.07,0.04,-34.21,-19.91,-26.76,-0.58,1.58,0.03,-20.17,262101.87,-32.38,-11.08,0.01,164792909.8,UTILIDADE PÚBLICA
ROMI3,25.2,8.13,10.59,2.27,1.06,30.71,10.98,17.93,17.29,19.29,2.0,0.26,1.9,3.83,-2.73,1.82,21.42,9.99,7.5,0.47,0.53,0.56,9.91,51440901.05,11.11,2.38,0.31,1848014834.4,BENS INDUSTRIAIS
RPAD3,6.3,0.0,15.71,0.52,0.51,94.85,34974.23,35003.09,15.73,18.12,-0.62,-0.02,5499.98,42.18,-0.53,2.32,3.3,3.27,3.3,0.99,0.01,0.0,-12.49,21940.58,12.14,0.4,-0.93,635975482.75,FINANCEIRO E OUTROS
RPAD5,8.95,6.09,22.32,0.74,0.73,94.85,34974.23,35003.09,22.34,18.12,-0.62,-0.02,7813.47,59.92,-0.75,2.32,3.3,3.27,3.3,0.99,0.01,0.0,-12.49,11150.21,12.14,0.4,-1.32,635975482.75,FINANCEIRO E OUTROS
RPAD6,5.75,0.0,14.34,0.47,0.47,94.85,34974.23,35003.09,14.35,18.12,-0.62,-0.02,5019.83,38.5,-0.48,2.32,3.3,3.27,3.3,0.99,0.01,0.0,-12.49,9789.7,12.14,0.4,-0.85,635975482.75,FINANCEIRO E OUTROS
RPMG3,3.02,0.0,-0.58,-0.07,0.07,-2.04,-20.29,-24.08,-0.69,-0.69,0.0,6.174925900889189e-06,0.14,-0.07,-0.89,0.5,-11.38,-11.71,9.59,-1.03,2.03,0.49,37.84,244489.64,-45.46,-5.17,-0.02,204428719.58,PETRÓLEO. GÁS E BIOCOMBUSTÍVEIS
RSID3,9.43,0.0,10.82,-0.29,0.1,44.54,-499.55,19.62,-0.43,-2.61,-2.18,-1.5569573283858997,2.12,-0.13,-0.16,0.33,-2.7,0.92,-132.0,-0.34,1.34,0.05,-42.64,2831040.95,-32.28,0.87,-0.1,161755967.91,CONSUMO CÍCLICO
RSUL4,205.0,0.0,4.89,6.52,0.52,35.9,21.35,13.92,3.19,1.55,0.23,0.48,0.68,-2.57,-0.78,0.62,133.22,10.72,95.41,0.08,0.92,0.77,4.32,39387.17,31.45,41.9,0.1,49200000.0,BENS INDUSTRIAIS
SANB11,39.74,2.59,10.62,1.76,0.15,16.13,7.82,14.15,19.22,19.22,0.0,0.0,1.5,-0.31,-0.18,0.26,16.53,1.42,0.0,0.09,0.91,0.1,-2.12,138187817.69,22.64,3.74,-0.73,148995811983.37,FINANCEIRO E OUTROS
SANB3,18.93,2.59,10.11,1.67,0.14,16.13,7.82,14.15,18.31,19.22,0.0,0.0,1.43,-0.3,-0.17,0.26,16.53,1.42,0.0,0.09,0.91,0.1,-2.12,1363312.54,11.32,1.87,-0.7,148995811983.37,FINANCEIRO E OUTROS
SANB4,20.95,2.57,11.19,1.85,0.16,16.13,7.82,14.15,20.26,19.22,0.0,0.0,1.58,-0.33,-0.19,0.26,16.53,1.42,0.0,0.09,0.91,0.1,-2.12,1670774.9,11.32,1.87,-0.77,148995811983.37,FINANCEIRO E OUTROS
SAPR11,21.94,4.53,6.66,0.96,0.5,59.97,32.72,20.76,4.22,5.99,1.77,0.4,1.38,21.57,-0.58,1.21,14.35,7.55,11.34,0.53,0.47,0.36,10.07,54490784.08,22.97,3.3,-0.86,6631169817.37,UTILIDADE PÚBLICA
SAPR3,4.45,4.13,6.75,0.97,0.51,59.97,32.72,20.76,4.28,5.99,1.77,0.4,1.4,21.88,-0.59,1.21,14.35,7.55,11.34,0.53,0.47,0.36,10.07,3366717.69,4.59,0.66,-0.87,6631169817.37,UTILIDADE PÚBLICA
SAPR4,4.38,4.62,6.64,0.95,0.5,59.97,32.72,20.76,4.21,5.99,1.77,0.4,1.38,21.53,-0.58,1.21,14.35,7.55,11.34,0.53,0.47,0.36,10.07,26351672.59,4.59,0.66,-0.86,6631169817.37,UTILIDADE PÚBLICA
SBSP3,40.89,3.37,28.71,1.23,0.55,37.18,25.24,5.47,6.22,9.22,2.99,0.59,1.57,51.69,-0.64,1.09,4.27,1.93,10.34,0.45,0.55,0.35,8.73,209913430.87,33.35,1.42,-0.4,27948718543.41,UTILIDADE PÚBLICA
SCAR3,38.52,0.16,25.47,1.43,0.72,80.17,64.73,25.73,10.12,14.67,4.54,0.64,6.55,5.99,-0.89,2.73,5.61,2.84,5.87,0.51,0.49,0.11,-6.59,424155.82,26.95,1.51,22.42,2224041527.88,FINANCEIRO E OUTROS
SEER3,11.96,2.72,9.33,1.08,0.5,53.56,25.05,13.2,4.92,4.63,-0.29,-0.06,1.23,2.43,-0.77,2.41,11.57,5.34,13.32,0.46,0.54,0.4,4.15,11225363.44,11.08,1.28,0.44,1539509857.6,CONSUMO CÍCLICO
SGPS3,7.4,0.0,-1.15,0.33,0.12,32.98,3.2,-20.91,7.53,23.49,15.96,0.71,0.24,1.38,-0.21,1.25,-29.02,-10.14,-1.12,0.35,0.65,0.49,-7.5,725840.62,22.12,-6.42,0.0,370000000.0,CONSUMO CÍCLICO
SHOW3,3.49,0.0,-4.11,0.93,0.38,13.22,-30.43,-46.23,-6.24,-4.89,1.35,-0.2,1.9,2.08,-0.91,1.45,-22.54,-9.23,-9.66,0.41,0.59,0.2,-6.57,1201335.59,3.77,-0.85,0.16,235270075.21,CONSUMO CÍCLICO
SHUL4,14.35,2.16,9.04,1.73,0.72,22.97,13.67,13.49,8.92,6.81,1.7,0.33,1.22,1.96,-2.08,2.28,19.1,7.96,7.62,0.42,0.58,0.59,10.16,3278812.67,8.31,1.59,0.2,734296732.4,BENS INDUSTRIAIS
SIMH3,35.04,0.49,26.15,2.24,0.28,20.6,10.5,2.81,7.01,16.03,9.02,2.88,0.74,1.21,-0.51,2.08,8.56,1.08,3.83,0.13,0.87,0.38,10.36,35162726.0,15.65,1.34,1.18,7216876103.04,FINANCEIRO E OUTROS
SLCE3,43.65,2.26,17.02,2.64,0.97,27.63,20.16,12.62,10.65,11.69,1.04,0.26,2.15,4.46,-1.9,1.8,15.51,5.69,10.82,0.37,0.63,0.45,17.07,55786071.33,16.53,2.56,0.3,8319471750.0,CONSUMO NÃO CÍCLICO
SLED3,0.86,0.0,-0.13,-0.16,0.12,29.89,-102.42,-114.29,-0.15,-0.79,-0.68,-0.729082524215667,0.15,-0.93,-0.18,0.7,-119.84,-93.74,663.74,-0.78,1.78,0.82,-18.14,280124.36,-5.45,-6.53,0.0,40967948.34,CONSUMO CÍCLICO
SLED4,0.52,0.0,-0.08,-0.1,0.07,29.89,-102.42,-114.29,-0.09,-0.79,-0.68,-0.729082524215667,0.09,-0.56,-0.11,0.7,-119.84,-93.74,663.74,-0.78,1.78,0.82,-18.14,522607.38,-5.45,-6.53,0.0,40967948.34,CONSUMO CÍCLICO
SMLS3,24.83,21.33,15.73,2.28,0.92,82.71,36.7,34.2,14.66,11.17,-3.5,-0.54,5.38,3.24,-3.39,1.63,14.51,5.83,8.72,0.4,0.6,0.17,-12.7,42859989.95,10.88,1.58,-0.23,3082866802.99,CONSUMO CÍCLICO
SMTO3,29.56,1.83,12.13,3.13,0.86,34.82,35.23,20.07,6.91,9.93,3.02,1.36,2.43,5.98,-1.21,2.01,25.77,7.12,12.82,0.28,0.72,0.35,14.03,51319880.28,9.45,2.44,0.25,10464574885.24,CONSUMO NÃO CÍCLICO
SNSY3,14.0,0.0,-0.77,-0.08,0.27,14.98,-9.89,-27.33,-2.14,-3.51,-2.26,0.0,0.21,-0.78,-0.61,0.62,-10.13,-34.99,4.07,-3.45,4.45,1.28,4.14,59376.05,-178.74,-18.12,0.03,63514976.0,MATERIAIS BÁSICOS
SNSY5,5.2,0.0,-0.29,-0.03,0.1,14.98,-9.89,-27.33,-0.79,-3.51,-2.26,-0.0836476881365868,0.08,-0.29,-0.23,0.62,-10.13,-34.99,4.07,-3.45,4.45,1.28,4.14,123409.67,-178.74,-18.12,0.01,63514976.0,MATERIAIS BÁSICOS
SNSY6,13.33,0.0,-0.74,-0.07,0.26,14.98,-9.89,-27.33,-2.03,-3.51,-2.26,0.0,0.2,-0.75,-0.58,0.62,-10.13,-34.99,4.07,-3.45,4.45,1.28,4.14,1033.67,-178.74,-18.12,0.03,63514976.0,MATERIAIS BÁSICOS
SOMA3,14.04,0.0,-96.09,4.3,2.91,60.87,-6.82,-5.61,-79.03,-75.68,3.35,-0.18,5.39,6.58,-8.56,3.03,-4.47,-3.03,-10.25,0.68,0.32,0.54,-4.6,17090598.82,3.27,-0.15,0.62,6699066996.96,CONSUMO CÍCLICO
SOND5,45.02,2.05,5.24,1.58,1.13,27.94,28.87,32.81,5.96,12.65,-2.38,-0.63,1.72,2.73,-2.83,3.21,30.14,21.51,24.18,0.71,0.29,0.66,-10.4,12474.2,28.48,8.58,0.01,279098338.0,BENS INDUSTRIAIS
SOND6,45.0,2.05,5.24,1.58,1.13,27.94,28.87,32.81,5.96,12.65,-2.38,-0.63,1.72,2.73,-2.83,3.21,30.14,21.51,24.18,0.71,0.29,0.66,-10.4,7840.5,28.48,8.58,0.01,279098338.0,BENS INDUSTRIAIS
SQIA3,22.2,0.0,316.02,3.6,2.46,34.08,3.31,2.36,225.16,190.28,-34.88,-0.56,7.46,5.73,-5.34,4.85,1.14,0.78,0.99,0.68,0.32,0.33,22.77,17548301.79,6.17,0.07,-1.52,1566183626.4,TECNOLOGIA DA INFORMAÇÃO
STBP3,6.7,0.26,-419.93,2.76,1.37,23.77,6.4,-1.48,97.07,86.36,-10.7,-0.3,6.22,6.13,-1.93,4.18,-0.66,-0.33,2.2,0.5,0.5,0.22,-0.73,39798763.85,2.43,-0.02,2.22,5778605132.6,BENS INDUSTRIAIS
SULA11,35.33,5.08,6.41,1.86,0.54,13.59,5.09,12.22,15.38,-0.16,-15.54,-1.88,0.78,1.42,-1.69,2.26,28.97,8.42,6.95,0.29,0.71,0.69,4.99,140546484.41,19.03,5.51,0.07,15045089835.77,FINANCEIRO E OUTROS
SULA3,13.54,4.42,7.37,2.13,0.62,13.59,5.09,12.22,17.68,-0.16,-15.54,-1.88,0.9,1.64,-1.95,2.26,28.97,8.42,6.95,0.29,0.71,0.69,4.99,305235.97,6.34,1.84,0.07,15045089835.77,FINANCEIRO E OUTROS
SULA4,11.09,5.4,6.03,1.75,0.51,13.59,5.09,12.22,14.48,-0.16,-15.54,-1.88,0.74,1.34,-1.6,2.26,28.97,8.42,6.95,0.29,0.71,0.69,4.99,398432.77,6.34,1.84,0.06,15045089835.77,FINANCEIRO E OUTROS
SUZB3,73.04,0.0,-9.27,13.55,0.98,37.73,27.72,-35.21,11.78,19.34,7.56,8.7,3.26,10.16,-1.19,2.2,-146.17,-10.54,1.89,0.07,0.93,0.3,24.4,635215652.51,5.39,-7.88,-0.03,99426692175.36,MATERIAIS BÁSICOS
TAEE11,38.4,8.36,5.85,2.2,0.94,70.57,89.71,63.54,4.14,5.82,1.68,0.89,3.71,8.71,-1.13,2.8,37.55,16.04,22.3,0.43,0.57,0.25,18.22,89675991.33,17.49,6.57,0.05,13228758028.8,UTILIDADE PÚBLICA
TAEE3,12.8,8.36,5.85,2.2,0.94,70.57,89.71,63.54,4.14,5.82,1.68,0.89,3.71,8.71,-1.13,2.8,37.55,16.04,22.3,0.43,0.57,0.25,18.22,1134272.05,5.83,2.19,0.05,13228758028.8,UTILIDADE PÚBLICA
TAEE4,12.8,8.36,5.85,2.2,0.94,70.57,89.71,63.54,4.14,5.82,1.68,0.89,3.71,8.71,-1.13,2.8,37.55,16.04,22.3,0.43,0.57,0.25,18.22,2797565.54,5.83,2.19,0.05,13228758028.8,UTILIDADE PÚBLICA
TASA3,22.26,0.0,8.12,50.62,1.47,42.6,24.49,14.87,4.93,6.46,1.55,15.97,1.21,6.02,-4.04,1.62,623.63,18.05,45.22,0.03,0.97,1.21,16.57,3427514.05,0.44,2.74,0.02,2130402299.47,BENS INDUSTRIAIS
TASA4,22.07,0.0,8.05,50.19,1.45,42.6,24.49,14.87,4.88,6.46,1.55,15.97,1.2,5.97,-4.0,1.62,623.63,18.05,45.22,0.03,0.97,1.21,16.57,80777800.41,0.44,2.74,0.02,2130402299.47,BENS INDUSTRIAIS
TCNO3,2.14,0.0,28.11,38.29,0.06,0.0,0.0,0.0,-16.75,-52.57,-39.55,90.44,0.0,-0.15,-0.07,0.29,136.22,0.22,-2.5,0.0,1.0,0.0,-65.1,65475.46,0.06,0.08,-0.25,11010190.48,BENS INDUSTRIAIS
TCNO4,1.4,0.0,18.39,25.05,0.04,0.0,0.0,0.0,-10.96,-52.57,-39.55,90.44,0.0,-0.1,-0.05,0.29,136.22,0.22,-2.5,0.0,1.0,0.0,-65.1,61756.85,0.06,0.08,-0.16,11010190.48,BENS INDUSTRIAIS
TCSA3,7.29,0.0,-3.26,0.68,0.31,-8.95,-78.92,-91.26,-3.76,-5.7,-1.93,0.35,2.97,1.33,-0.52,2.35,-20.83,-9.45,-11.32,0.45,0.55,0.1,-32.32,11381689.92,10.75,-2.24,0.09,536684186.7,CONSUMO CÍCLICO
TECN3,1.5,0.0,-4.18,0.37,0.2,45.95,-3.93,-11.51,-12.25,-18.66,-6.41,0.19,0.48,0.42,-0.47,5.19,-8.9,-4.7,-3.38,0.53,0.47,0.41,-9.24,2368245.0,4.03,-0.36,0.05,117759322.5,CONSUMO CÍCLICO
TEKA3,44.0,0.0,-0.19,-0.01,0.02,17.33,-1.55,-87.65,-10.84,-247.7,-241.3,-0.3062089224957247,0.17,-0.01,-0.02,0.03,-6.99,-11.83,0.62,-1.69,2.69,0.13,-1.38,28973.53,-3293.09,-230.11,0.02,13053816.0,CONSUMO CÍCLICO
TEKA4,16.9,0.0,-0.07,-0.01,0.01,17.33,-1.55,-87.65,-4.16,-247.7,-241.3,-0.3062089224957247,0.06,0.0,-0.01,0.03,-6.99,-11.83,0.62,-1.69,2.69,0.13,-1.38,98310.05,-3293.09,-230.11,0.01,13053816.0,CONSUMO CÍCLICO
TELB3,73.88,0.0,-47.2,3.23,1.18,-71.84,-26.88,-39.81,-69.89,-47.91,9.7,-0.45,18.79,4.94,-1.71,4.37,-6.84,-2.5,-3.93,0.37,0.63,0.06,42.7,119775.43,22.89,-1.57,0.85,4132682022.39,COMUNICAÇÕES
TELB4,26.01,0.0,-16.62,1.14,0.42,-71.84,-26.88,-39.81,-24.61,-47.91,9.7,-0.45,6.62,1.74,-0.6,4.37,-6.84,-2.5,-3.93,0.37,0.63,0.06,42.7,250405.92,22.89,-1.57,0.3,4132682022.39,COMUNICAÇÕES
TEND3,25.55,1.93,13.31,1.76,0.63,31.12,11.6,8.78,10.07,9.51,-0.56,-0.1,1.17,1.73,-1.8,2.27,13.2,4.73,8.33,0.36,0.64,0.54,21.81,38313169.59,14.55,1.92,-0.55,2665995485.3,CONSUMO CÍCLICO
TESA3,38.46,0.0,-14.74,1.07,0.29,23.29,20.14,-4.61,3.37,7.46,4.09,1.29,0.68,-9.21,-0.44,0.92,-7.24,-1.95,12.82,0.27,0.73,0.42,7.32,1445548.51,36.02,-2.61,0.26,837933519.78,CONSUMO NÃO CÍCLICO
TGMA3,18.49,1.84,16.58,1.95,1.19,19.78,10.49,7.28,11.49,11.43,-0.06,-0.01,1.21,3.91,-2.4,2.52,11.77,7.17,9.39,0.61,0.39,0.99,-2.05,11638292.36,9.48,1.12,-0.27,1220393898.35,BENS INDUSTRIAIS
TIMS3,12.71,3.52,16.69,1.33,0.74,53.69,16.3,10.68,10.93,12.87,1.94,0.24,1.78,14.59,-0.98,1.25,7.95,4.43,7.97,0.56,0.44,0.41,0.15,73247402.23,9.58,0.76,-0.34,30768423898.58,COMUNICAÇÕES
TKNO4,46.99,4.08,10.82,0.73,0.58,26.63,13.52,7.02,5.62,0.98,-1.61,-0.21,0.76,1.4,-1.33,3.59,6.72,5.32,8.94,0.79,0.21,0.76,8.49,44375.33,64.6,4.34,0.3,63939715.91,MATERIAIS BÁSICOS
TOTS3,27.87,0.77,54.61,6.18,3.13,70.08,15.16,11.36,40.93,38.69,-2.24,-0.34,6.2,20.34,-6.96,1.39,11.33,5.73,10.5,0.51,0.49,0.5,6.34,175523614.05,4.51,0.51,1.35,16106440354.47,TECNOLOGIA DA INFORMAÇÃO
TPIS3,1.95,0.0,1.81,0.38,0.1,9.07,23.87,19.54,1.48,8.97,7.48,1.9,0.35,-0.51,-0.11,0.22,20.75,5.63,6.75,0.27,0.73,0.29,-16.95,2028196.28,5.19,1.08,-0.01,343200000.0,BENS INDUSTRIAIS
TRIS3,9.58,2.24,10.51,1.47,0.82,35.26,22.65,19.35,8.98,9.29,0.31,0.05,2.03,1.46,-3.6,3.68,14.02,7.81,10.33,0.56,0.44,0.4,18.29,16545338.05,6.5,0.91,0.49,1787796014.04,CONSUMO CÍCLICO
TRPL3,31.0,10.78,6.08,1.45,0.83,69.27,119.77,90.94,4.61,4.64,0.46,0.14,5.53,4.94,-1.07,4.01,23.8,13.67,19.25,0.57,0.43,0.15,23.49,109568.72,21.44,5.1,0.07,18528909868.44,UTILIDADE PÚBLICA
TRPL4,26.27,12.72,5.15,1.23,0.7,69.27,119.77,90.94,3.91,4.64,0.46,0.14,4.68,4.19,-0.91,4.01,23.8,13.67,19.25,0.57,0.43,0.15,23.49,50441937.44,21.44,5.1,0.06,18528909868.44,UTILIDADE PÚBLICA
TUPY3,20.15,0.0,-38.12,1.14,0.48,16.09,5.09,-1.79,13.4,17.09,3.69,0.31,0.68,1.6,-1.04,2.2,-2.98,-1.25,3.53,0.42,0.58,0.7,4.44,24270056.44,17.71,-0.53,0.3,2905176625.0,BENS INDUSTRIAIS
TXRX3,41.18,0.0,-9.8,-0.57,0.92,27.54,4.51,-21.43,46.57,84.8,61.81,-0.7516054357196129,2.1,-0.65,-1.46,0.21,-5.78,-9.35,-4.84,-1.62,2.62,0.44,1.83,32164.38,-72.72,-4.2,0.05,86580325.76,CONSUMO CÍCLICO
TXRX4,9.49,0.0,-2.26,-0.13,0.21,27.54,4.51,-21.43,10.73,84.8,61.81,-0.7516054357196129,0.48,-0.15,-0.34,0.21,-5.78,-9.35,-4.84,-1.62,2.62,0.44,1.83,73318.56,-72.72,-4.2,0.01,86580325.76,CONSUMO CÍCLICO
UCAS3,4.18,6.94,18.62,1.77,1.35,39.01,11.68,9.86,15.72,13.01,-2.71,-0.31,1.84,4.12,-2.82,2.67,9.51,7.23,7.71,0.76,0.24,0.73,-7.54,447918.44,2.36,0.22,-1.06,276241001.52,CONSUMO CÍCLICO
UGPA3,21.01,2.09,26.22,2.36,0.65,6.91,2.18,1.1,13.25,19.76,6.51,1.16,0.29,2.84,-1.25,1.89,9.01,2.46,4.11,0.27,0.73,2.24,1.43,159236993.95,8.89,0.8,0.19,23427760437.51,PETRÓLEO. GÁS E BIOCOMBUSTÍVEIS
UNIP3,64.7,1.72,16.62,3.51,1.36,34.5,19.35,9.5,8.16,8.08,-0.53,-0.23,1.58,9.25,-2.33,1.54,21.14,8.16,21.1,0.39,0.61,0.86,35.12,887669.87,18.42,3.89,0.15,6446415281.36,MATERIAIS BÁSICOS
UNIP5,69.0,2.18,17.72,3.75,1.45,34.5,19.35,9.5,8.71,8.08,-0.53,-0.23,1.68,9.87,-2.48,1.54,21.14,8.16,21.1,0.39,0.61,0.86,35.12,94705.23,18.42,3.89,0.16,6446415281.36,MATERIAIS BÁSICOS
UNIP6,70.18,1.74,18.03,3.81,1.47,34.5,19.35,9.5,8.85,8.08,-0.53,-0.23,1.71,10.03,-2.52,1.54,21.14,8.16,21.1,0.39,0.61,0.86,35.12,23886331.49,18.42,3.89,0.16,6446415281.36,MATERIAIS BÁSICOS
USIM3,17.2,0.23,32.04,1.28,0.72,20.24,18.2,4.18,7.36,7.64,0.38,0.07,1.34,2.93,-1.19,2.64,4.0,2.25,10.41,0.56,0.44,0.54,9.57,14777820.64,13.44,0.54,0.15,21262616892.88,MATERIAIS BÁSICOS
USIM5,16.67,0.26,31.05,1.24,0.7,20.24,18.2,4.18,7.13,7.64,0.38,0.07,1.3,2.84,-1.15,2.64,4.0,2.25,10.41,0.56,0.44,0.54,9.57,368647837.87,13.44,0.54,0.14,21262616892.88,MATERIAIS BÁSICOS
USIM6,18.77,0.23,34.96,1.4,0.79,20.24,18.2,4.18,8.03,7.64,0.38,0.07,1.46,3.2,-1.3,2.64,4.0,2.25,10.41,0.56,0.44,0.54,9.57,22051.2,13.44,0.54,0.16,21262616892.88,MATERIAIS BÁSICOS
VALE3,98.0,6.81,19.39,2.86,1.08,52.73,24.97,12.81,9.95,10.1,0.15,0.04,2.48,10.16,-1.47,1.67,14.76,5.59,18.93,0.38,0.62,0.44,21.72,2915312944.56,34.25,5.05,-0.04,517878528636.0,MATERIAIS BÁSICOS
VIVA3,22.6,0.47,36.39,4.56,2.49,68.49,19.58,14.0,26.03,25.31,-0.72,-0.13,5.1,6.41,-7.43,2.41,12.52,6.85,12.05,0.55,0.45,0.49,39.7,30460906.49,4.96,0.62,-0.56,5338069579.4,CONSUMO CÍCLICO
VIVR3,1.13,0.0,-0.67,-0.6,0.31,153.94,1184.85,1640.24,-0.93,-2.52,-1.59,-1.0300973592738414,-11.0,-0.5,-0.57,0.43,-89.79,-45.65,-432.83,-0.51,1.51,-0.03,0.0,675614.44,-1.88,-1.69,0.02,109642503.32,CONSUMO CÍCLICO
VIVT3,45.52,7.37,16.14,1.11,0.71,47.38,15.26,11.06,11.7,12.83,1.14,0.11,1.78,64.91,-0.86,1.07,6.86,4.39,6.45,0.64,0.36,0.4,1.37,149186319.74,41.13,2.82,-3.5,76973633694.96,COMUNICAÇÕES
VLID3,8.79,0.0,-3.56,0.65,0.25,17.68,-5.64,-10.44,-6.6,-13.59,-6.99,0.69,0.37,3.37,-0.46,1.2,-18.2,-7.06,-4.81,0.39,0.61,0.68,3.44,6245760.46,13.56,-2.47,0.01,721398701.73,BENS INDUSTRIAIS
VULC3,7.05,0.0,54.85,1.54,1.03,29.53,3.08,2.68,47.73,49.72,1.99,0.06,1.47,2.15,-3.05,3.64,2.81,1.88,2.2,0.67,0.33,0.7,4.07,5829940.31,4.58,0.13,-0.7,1732582239.3,CONSUMO CÍCLICO
VVAR3,11.81,0.0,18.79,3.16,0.57,32.75,5.6,3.47,11.65,15.43,3.78,1.02,0.65,25.12,-1.37,1.04,16.79,3.04,10.2,0.18,0.82,0.87,8.45,625186058.23,3.74,0.63,-0.11,18864751932.81,CONSUMO CÍCLICO
WEGE3,72.1,0.86,64.64,12.68,7.59,31.13,16.12,13.4,53.73,52.73,-0.99,-0.23,8.66,22.67,-20.53,2.13,19.62,11.75,18.11,0.6,0.4,0.88,12.35,512667701.51,5.68,1.12,1.44,151313313827.9,BENS INDUSTRIAIS
WHRL3,6.93,17.5,14.62,5.4,1.47,20.2,10.57,7.69,10.64,9.42,-1.65,-0.83,1.12,14.16,-6.2,1.16,36.94,10.03,31.87,0.27,0.73,1.3,-0.28,78583.59,1.28,0.47,-0.24,10826761070.76,CONSUMO CÍCLICO
WHRL4,7.8,17.1,16.45,6.08,1.65,20.2,10.57,7.69,11.98,9.42,-1.65,-0.83,1.27,15.94,-6.98,1.16,36.94,10.03,31.87,0.27,0.73,1.3,-0.28,202030.87,1.28,0.47,-0.27,10826761070.76,CONSUMO CÍCLICO
WIZS3,6.93,0.0,5.69,3.72,1.16,76.38,40.46,24.25,3.41,2.62,-0.79,-0.86,1.38,-23.59,-1.84,0.88,65.42,20.34,72.59,0.31,0.69,0.84,17.16,16692626.77,1.86,1.22,-0.64,1108157464.26,FINANCEIRO E OUTROS
WLMM3,18.92,1.69,12.66,1.49,1.21,15.57,7.83,5.49,8.88,9.81,-1.65,-0.28,0.7,3.66,-2.11,4.44,11.77,9.55,11.61,0.81,0.19,1.74,14.81,11108.19,12.69,1.49,1.37,888789097.9,BENS INDUSTRIAIS
WLMM4,28.99,1.21,19.4,2.28,1.85,15.57,7.83,5.49,13.61,9.81,-1.65,-0.28,1.07,5.6,-3.24,4.44,11.77,9.55,11.61,0.81,0.19,1.74,14.81,34971.14,12.69,1.49,2.09,888789097.9,BENS INDUSTRIAIS
WSON33,41.7,7.09,26.69,1.34,0.56,51.66,21.81,6.19,7.57,12.85,5.28,0.93,1.65,10.48,-0.67,1.45,5.02,2.08,5.43,0.41,0.59,0.34,1.54,2049767.87,31.1,1.56,-9.18,2997652872.0,BENS INDUSTRIAIS
YDUQ3,26.71,1.91,84.09,2.58,0.89,54.72,9.25,2.55,23.17,32.21,9.04,1.01,2.14,5.72,-1.26,2.12,3.06,1.06,3.27,0.35,0.65,0.42,5.62,103404433.44,10.37,0.32,-0.99,8255763210.21,CONSUMO CÍCLICO
